1.00000000e-08,0.00000000e+00,1.48820877e-03,1.00000000e+00,9.95024847e-01,9.99949997e-01,9.99999498e-01,9.99999990e-01
2.00000000e-08,0.00000000e+00,1.09100342e-03,1.00000000e+00,9.90099073e-01,9.99900000e-01,9.99998995e-01,9.99999980e-01
3.00000000e-08,0.00000000e+00,1.08909607e-03,1.00000000e+00,9.85222188e-01,9.99850007e-01,9.99998493e-01,9.99999970e-01
4.00000000e-08,0.00000000e+00,1.08504295e-03,1.00000000e+00,9.80393703e-01,9.99800020e-01,9.99997990e-01,9.99999960e-01
5.00000000e-08,0.00000000e+00,1.36113167e-03,1.00000000e+00,9.75613139e-01,9.99750037e-01,9.99997488e-01,9.99999950e-01
6.00000000e-08,0.00000000e+00,1.08790398e-03,1.00000000e+00,9.70880017e-01,9.99700060e-01,9.99996985e-01,9.99999940e-01
7.00000000e-08,0.00000000e+00,1.08885765e-03,1.00000000e+00,9.66193867e-01,9.99650087e-01,9.99996483e-01,9.99999930e-01
8.00000000e-08,0.00000000e+00,1.15299225e-03,1.00000000e+00,9.61554220e-01,9.99600120e-01,9.99995980e-01,9.99999920e-01
9.00000000e-08,0.00000000e+00,1.09601021e-03,1.00000000e+00,9.56960614e-01,9.99550157e-01,9.99995478e-01,9.99999910e-01
1.00000000e-07,0.00000000e+00,1.08909607e-03,1.00000000e+00,9.52412591e-01,9.99500199e-01,9.99994975e-01,9.99999900e-01
1.10000000e-07,0.00000000e+00,1.08909607e-03,1.00000000e+00,9.47909697e-01,9.99450247e-01,9.99994473e-01,9.99999890e-01
1.20000000e-07,0.00000000e+00,1.12795830e-03,1.00000000e+00,9.43451484e-01,9.99400299e-01,9.99993970e-01,9.99999880e-01
1.30000000e-07,0.00000000e+00,1.09100342e-03,1.00000000e+00,9.39037506e-01,9.99350356e-01,9.99993468e-01,9.99999870e-01
1.40000000e-07,0.00000000e+00,1.08194351e-03,1.00000000e+00,9.34667324e-01,9.99300419e-01,9.99992965e-01,9.99999860e-01
1.50000000e-07,0.00000000e+00,1.09004974e-03,1.00000000e+00,9.30340501e-01,9.99250486e-01,9.99992463e-01,9.99999850e-01
1.60000000e-07,0.00000000e+00,1.30891800e-03,1.00000000e+00,9.26056606e-01,9.99200558e-01,9.99991960e-01,9.99999840e-01
1.70000000e-07,0.00000000e+00,1.08909607e-03,1.00000000e+00,9.21815213e-01,9.99150635e-01,9.99991458e-01,9.99999830e-01
1.80000000e-07,0.00000000e+00,1.08695030e-03,1.00000000e+00,9.17615898e-01,9.99100718e-01,9.99990955e-01,9.99999820e-01
1.90000000e-07,0.00000000e+00,1.09291077e-03,1.00000000e+00,9.13458243e-01,9.99050805e-01,9.99990453e-01,9.99999810e-01
2.00000000e-07,0.00000000e+00,1.17897987e-03,1.00000000e+00,9.09341833e-01,9.99000897e-01,9.99989950e-01,9.99999800e-01
2.10000000e-07,0.00000000e+00,1.08790398e-03,1.00000000e+00,9.05266257e-01,9.98950994e-01,9.99989448e-01,9.99999790e-01
2.20000000e-07,0.00000000e+00,1.08194351e-03,1.00000000e+00,9.01231110e-01,9.98901096e-01,9.99988945e-01,9.99999780e-01
2.30000000e-07,0.00000000e+00,1.08599663e-03,1.00000000e+00,8.97235989e-01,9.98851203e-01,9.99988443e-01,9.99999770e-01
2.40000000e-07,0.00000000e+00,1.09004974e-03,1.00000000e+00,8.93280496e-01,9.98801315e-01,9.99987940e-01,9.99999760e-01
2.50000000e-07,0.00000000e+00,1.08599663e-03,1.00000000e+00,8.89364236e-01,9.98751432e-01,9.99987438e-01,9.99999750e-01
2.60000000e-07,0.00000000e+00,1.09601021e-03,1.00000000e+00,8.85486820e-01,9.98701554e-01,9.99986935e-01,9.99999740e-01
2.70000000e-07,0.00000000e+00,1.09791756e-03,1.00000000e+00,8.81647860e-01,9.98651681e-01,9.99986433e-01,9.99999730e-01
2.80000000e-07,0.00000000e+00,1.08885765e-03,1.00000000e+00,8.77846975e-01,9.98601813e-01,9.99985930e-01,9.99999720e-01
2.90000000e-07,0.00000000e+00,1.08885765e-03,1.00000000e+00,8.74083784e-01,9.98551950e-01,9.99985428e-01,9.99999710e-01
3.00000000e-07,0.00000000e+00,1.26504898e-03,1.00000000e+00,8.70357914e-01,9.98502092e-01,9.99984925e-01,9.99999700e-01
3.10000000e-07,0.00000000e+00,1.09314919e-03,1.00000000e+00,8.66668993e-01,9.98452239e-01,9.99984423e-01,9.99999690e-01
3.20000000e-07,0.00000000e+00,1.08599663e-03,1.00000000e+00,8.63016652e-01,9.98402391e-01,9.99983920e-01,9.99999680e-01
3.30000000e-07,0.00000000e+00,1.08289719e-03,1.00000000e+00,8.59400529e-01,9.98352548e-01,9.99983418e-01,9.99999670e-01
3.40000000e-07,0.00000000e+00,1.11889839e-03,1.00000000e+00,8.55820263e-01,9.98302710e-01,9.99982915e-01,9.99999660e-01
3.50000000e-07,0.00000000e+00,1.10578537e-03,1.00000000e+00,8.52275497e-01,9.98252877e-01,9.99982413e-01,9.99999650e-01
3.60000000e-07,0.00000000e+00,1.11198425e-03,1.00000000e+00,8.48765878e-01,9.98203048e-01,9.99981910e-01,9.99999640e-01
3.70000000e-07,0.00000000e+00,1.08408928e-03,1.00000000e+00,8.45291056e-01,9.98153225e-01,9.99981408e-01,9.99999630e-01
3.80000000e-07,0.00000000e+00,1.13511086e-03,1.00000000e+00,8.41850685e-01,9.98103407e-01,9.99980905e-01,9.99999620e-01
3.90000000e-07,0.00000000e+00,1.08885765e-03,1.00000000e+00,8.38444422e-01,9.98053593e-01,9.99980403e-01,9.99999610e-01
4.00000000e-07,0.00000000e+00,1.08790398e-03,1.00000000e+00,8.35071927e-01,9.98003785e-01,9.99979900e-01,9.99999600e-01
4.10000000e-07,0.00000000e+00,1.09291077e-03,1.00000000e+00,8.31732865e-01,9.97953982e-01,9.99979398e-01,9.99999590e-01
4.20000000e-07,0.00000000e+00,1.18899345e-03,1.00000000e+00,8.28426904e-01,9.97904183e-01,9.99978895e-01,9.99999580e-01
4.30000000e-07,0.00000000e+00,1.08790398e-03,1.00000000e+00,8.25153713e-01,9.97854390e-01,9.99978393e-01,9.99999570e-01
4.40000000e-07,0.00000000e+00,1.09291077e-03,1.00000000e+00,8.21912967e-01,9.97804601e-01,9.99977890e-01,9.99999560e-01
4.50000000e-07,0.00000000e+00,1.11389160e-03,1.00000000e+00,8.18704343e-01,9.97754818e-01,9.99977388e-01,9.99999550e-01
4.60000000e-07,0.00000000e+00,1.10602379e-03,1.00000000e+00,8.15527521e-01,9.97705039e-01,9.99976886e-01,9.99999540e-01
4.70000000e-07,0.00000000e+00,1.09004974e-03,1.00000000e+00,8.12382184e-01,9.97655266e-01,9.99976383e-01,9.99999530e-01
4.80000000e-07,0.00000000e+00,1.08814240e-03,1.00000000e+00,8.09268021e-01,9.97605497e-01,9.99975881e-01,9.99999520e-01
4.90000000e-07,0.00000000e+00,1.08909607e-03,1.00000000e+00,8.06184719e-01,9.97555733e-01,9.99975378e-01,9.99999510e-01
5.00000000e-07,0.00000000e+00,1.08814240e-03,1.00000000e+00,8.03131973e-01,9.97505975e-01,9.99974876e-01,9.99999500e-01
5.10000000e-07,0.00000000e+00,1.10101700e-03,1.00000000e+00,8.00109478e-01,9.97456221e-01,9.99974373e-01,9.99999490e-01
5.20000000e-07,0.00000000e+00,1.08790398e-03,1.00000000e+00,7.97116934e-01,9.97406472e-01,9.99973871e-01,9.99999480e-01
5.30000000e-07,0.00000000e+00,1.09100342e-03,1.00000000e+00,7.94154041e-01,9.97356728e-01,9.99973368e-01,9.99999470e-01
5.40000000e-07,0.00000000e+00,1.09004974e-03,1.00000000e+00,7.91220506e-01,9.97306989e-01,9.99972866e-01,9.99999460e-01
5.50000000e-07,0.00000000e+00,1.10602379e-03,1.00000000e+00,7.88316036e-01,9.97257255e-01,9.99972363e-01,9.99999450e-01
5.60000000e-07,0.00000000e+00,1.08790398e-03,1.00000000e+00,7.85440342e-01,9.97207527e-01,9.99971861e-01,9.99999440e-01
5.70000000e-07,0.00000000e+00,1.09004974e-03,1.00000000e+00,7.82593137e-01,9.97157803e-01,9.99971358e-01,9.99999430e-01
5.80000000e-07,0.00000000e+00,1.09100342e-03,1.00000000e+00,7.79774139e-01,9.97108084e-01,9.99970856e-01,9.99999420e-01
5.90000000e-07,0.00000000e+00,1.08504295e-03,1.00000000e+00,7.76983066e-01,9.97058369e-01,9.99970353e-01,9.99999410e-01
6.00000000e-07,0.00000000e+00,1.09291077e-03,1.00000000e+00,7.74219641e-01,9.97008660e-01,9.99969851e-01,9.99999400e-01
6.10000000e-07,0.00000000e+00,1.08480453e-03,1.00000000e+00,7.71483588e-01,9.96958956e-01,9.99969348e-01,9.99999390e-01
6.20000000e-07,0.00000000e+00,1.08504295e-03,1.00000000e+00,7.68774635e-01,9.96909257e-01,9.99968846e-01,9.99999380e-01
6.30000000e-07,0.00000000e+00,1.08695030e-03,1.00000000e+00,7.66092513e-01,9.96859563e-01,9.99968343e-01,9.99999370e-01
6.40000000e-07,0.00000000e+00,1.09004974e-03,1.00000000e+00,7.63436954e-01,9.96809874e-01,9.99967841e-01,9.99999360e-01
6.50000000e-07,0.00000000e+00,1.08408928e-03,1.00000000e+00,7.60807695e-01,9.96760189e-01,9.99967339e-01,9.99999350e-01
6.60000000e-07,0.00000000e+00,1.18803978e-03,1.00000000e+00,7.58204473e-01,9.96710510e-01,9.99966836e-01,9.99999340e-01
6.70000000e-07,0.00000000e+00,1.08718872e-03,1.00000000e+00,7.55627030e-01,9.96660835e-01,9.99966334e-01,9.99999330e-01
6.80000000e-07,0.00000000e+00,1.08504295e-03,1.00000000e+00,7.53075109e-01,9.96611166e-01,9.99965831e-01,9.99999320e-01
6.90000000e-07,0.00000000e+00,1.10888481e-03,1.00000000e+00,7.50548456e-01,9.96561502e-01,9.99965329e-01,9.99999310e-01
7.00000000e-07,0.00000000e+00,1.09100342e-03,1.00000000e+00,7.48046819e-01,9.96511842e-01,9.99964826e-01,9.99999300e-01
7.10000000e-07,0.00000000e+00,1.08599663e-03,1.00000000e+00,7.45569951e-01,9.96462187e-01,9.99964324e-01,9.99999290e-01
7.20000000e-07,0.00000000e+00,1.09910965e-03,1.00000000e+00,7.43117603e-01,9.96412538e-01,9.99963821e-01,9.99999280e-01
7.30000000e-07,0.00000000e+00,1.09100342e-03,1.00000000e+00,7.40689533e-01,9.96362893e-01,9.99963319e-01,9.99999270e-01
7.40000000e-07,0.00000000e+00,1.08504295e-03,1.00000000e+00,7.38285499e-01,9.96313253e-01,9.99962816e-01,9.99999260e-01
7.50000000e-07,0.00000000e+00,1.08790398e-03,1.00000000e+00,7.35905261e-01,9.96263619e-01,9.99962314e-01,9.99999250e-01
7.60000000e-07,0.00000000e+00,1.07884407e-03,1.00000000e+00,7.33548583e-01,9.96213989e-01,9.99961811e-01,9.99999240e-01
7.70000000e-07,0.00000000e+00,1.14297867e-03,1.00000000e+00,7.31215231e-01,9.96164364e-01,9.99961309e-01,9.99999230e-01
7.80000000e-07,0.00000000e+00,1.09004974e-03,1.00000000e+00,7.28904971e-01,9.96114744e-01,9.99960807e-01,9.99999220e-01
7.90000000e-07,0.00000000e+00,1.08599663e-03,1.00000000e+00,7.26617576e-01,9.96065129e-01,9.99960304e-01,9.99999210e-01
8.00000000e-07,0.00000000e+00,1.08909607e-03,1.00000000e+00,7.24352816e-01,9.96015519e-01,9.99959802e-01,9.99999200e-01
8.10000000e-07,0.00000000e+00,1.34396553e-03,1.00000000e+00,7.22110468e-01,9.95965914e-01,9.99959299e-01,9.99999190e-01
8.20000000e-07,0.00000000e+00,1.09505653e-03,1.00000000e+00,7.19890307e-01,9.95916314e-01,9.99958797e-01,9.99999180e-01
8.30000000e-07,0.00000000e+00,1.08504295e-03,1.00000000e+00,7.17692113e-01,9.95866719e-01,9.99958294e-01,9.99999170e-01
8.40000000e-07,0.00000000e+00,1.14893913e-03,1.00000000e+00,7.15515668e-01,9.95817128e-01,9.99957792e-01,9.99999160e-01
8.50000000e-07,0.00000000e+00,1.11413002e-03,1.00000000e+00,7.13360755e-01,9.95767543e-01,9.99957289e-01,9.99999150e-01
8.60000000e-07,0.00000000e+00,1.08408928e-03,1.00000000e+00,7.11227160e-01,9.95717963e-01,9.99956787e-01,9.99999140e-01
8.70000000e-07,0.00000000e+00,1.19018555e-03,1.00000000e+00,7.09114670e-01,9.95668387e-01,9.99956284e-01,9.99999130e-01
8.80000000e-07,0.00000000e+00,1.08790398e-03,1.00000000e+00,7.07023076e-01,9.95618817e-01,9.99955782e-01,9.99999120e-01
8.90000000e-07,0.00000000e+00,1.08289719e-03,1.00000000e+00,7.04952171e-01,9.95569251e-01,9.99955279e-01,9.99999110e-01
9.00000000e-07,0.00000000e+00,1.08480453e-03,1.00000000e+00,7.02901747e-01,9.95519691e-01,9.99954777e-01,9.99999100e-01
9.10000000e-07,0.00000000e+00,1.08814240e-03,1.00000000e+00,7.00871601e-01,9.95470135e-01,9.99954275e-01,9.99999090e-01
9.20000000e-07,0.00000000e+00,1.08718872e-03,1.00000000e+00,6.98861532e-01,9.95420584e-01,9.99953772e-01,9.99999080e-01
9.30000000e-07,0.00000000e+00,1.08885765e-03,1.00000000e+00,6.96871340e-01,9.95371039e-01,9.99953270e-01,9.99999070e-01
9.40000000e-07,0.00000000e+00,1.15799904e-03,1.00000000e+00,6.94900826e-01,9.95321498e-01,9.99952767e-01,9.99999060e-01
9.50000000e-07,0.00000000e+00,1.19996071e-03,1.00000000e+00,6.92949796e-01,9.95271962e-01,9.99952265e-01,9.99999050e-01
9.60000000e-07,0.00000000e+00,1.08790398e-03,1.00000000e+00,6.91018055e-01,9.95222431e-01,9.99951762e-01,9.99999040e-01
9.70000000e-07,0.00000000e+00,1.08909607e-03,1.00000000e+00,6.89105411e-01,9.95172905e-01,9.99951260e-01,9.99999030e-01
9.80000000e-07,0.00000000e+00,1.08599663e-03,1.00000000e+00,6.87211675e-01,9.95123384e-01,9.99950757e-01,9.99999020e-01
9.90000000e-07,0.00000000e+00,1.09100342e-03,1.00000000e+00,6.85336658e-01,9.95073868e-01,9.99950255e-01,9.99999010e-01
1.00000000e-06,0.00000000e+00,1.08504295e-03,1.00000000e+00,6.83480173e-01,9.95024357e-01,9.99949752e-01,9.99999000e-01
2.00000000e-06,0.00000000e+00,3.16905975e-03,1.00000000e+00,5.66253066e-01,9.90098097e-01,9.99899510e-01,9.99998000e-01
3.00000000e-06,0.00000000e+00,3.14807892e-03,1.00000000e+00,5.22345599e-01,9.85220729e-01,9.99849272e-01,9.99997000e-01
4.00000000e-06,0.00000000e+00,3.45802307e-03,1.00000000e+00,5.05414875e-01,9.80391767e-01,9.99799040e-01,9.99996000e-01
5.00000000e-06,0.00000000e+00,3.07893753e-03,1.00000000e+00,4.98412302e-01,9.75610729e-01,9.99748812e-01,9.99995000e-01
6.00000000e-06,0.00000000e+00,3.23605537e-03,1.00000000e+00,4.95066063e-01,9.70877139e-01,9.99698590e-01,9.99994000e-01
7.00000000e-06,0.00000000e+00,3.00097466e-03,1.00000000e+00,4.93068891e-01,9.66190523e-01,9.99648372e-01,9.99993000e-01
8.00000000e-06,0.00000000e+00,2.75301933e-03,1.00000000e+00,4.91571999e-01,9.61550415e-01,9.99598160e-01,9.99992000e-01
9.00000000e-06,0.00000000e+00,3.69095802e-03,1.00000000e+00,4.90263141e-01,9.56956351e-01,9.99547952e-01,9.99991000e-01
1.00000000e-05,0.00000000e+00,4.53901291e-03,1.00000000e+00,4.89027453e-01,9.52407875e-01,9.99497750e-01,9.99990000e-01
2.00000000e-05,0.00000000e+00,7.33494759e-03,1.00000000e+00,4.77386119e-01,9.09332790e-01,9.98995999e-01,9.99980000e-01
3.00000000e-05,0.00000000e+00,6.46901131e-03,1.00000000e+00,4.66404765e-01,8.70344899e-01,9.98494748e-01,9.99970000e-01
4.00000000e-05,0.00000000e+00,3.07798386e-03,1.00000000e+00,4.56059456e-01,8.35055259e-01,9.97993995e-01,9.99960001e-01
5.00000000e-05,0.00000000e+00,2.30789185e-03,1.00000000e+00,4.46343074e-01,8.03111942e-01,9.97493740e-01,9.99950001e-01
6.00000000e-05,0.00000000e+00,4.75597382e-03,1.00000000e+00,4.37243468e-01,7.74196507e-01,9.96993982e-01,9.99940002e-01
7.00000000e-05,0.00000000e+00,2.40802765e-03,1.00000000e+00,4.28744232e-01,7.48020821e-01,9.96494721e-01,9.99930002e-01
8.00000000e-05,0.00000000e+00,3.08394432e-03,1.00000000e+00,4.20825485e-01,7.24324167e-01,9.95995957e-01,9.99920003e-01
9.00000000e-05,0.00000000e+00,2.53605843e-03,1.00000000e+00,4.13464595e-01,7.02870640e-01,9.95497689e-01,9.99910004e-01
1.00000000e-04,0.00000000e+00,3.58605385e-03,1.00000000e+00,4.06636865e-01,6.83446784e-01,9.94999917e-01,9.99900005e-01
2.00000000e-04,0.00000000e+00,1.75251961e-02,1.00000000e+00,3.61795447e-01,5.66203501e-01,9.90049337e-01,9.99800020e-01
3.00000000e-04,0.00000000e+00,2.38468647e-02,1.00000000e+00,3.43206137e-01,5.22286171e-01,9.85147767e-01,9.99700045e-01
4.00000000e-04,0.00000000e+00,1.76301003e-02,1.00000000e+00,3.35747183e-01,5.05347887e-01,9.80294720e-01,9.99600080e-01
5.00000000e-04,0.00000000e+00,2.49919891e-02,1.00000000e+00,3.32613991e-01,4.98338584e-01,9.75489712e-01,9.99500125e-01
6.00000000e-04,0.00000000e+00,1.62599087e-02,1.00000000e+00,3.31107719e-01,4.94985901e-01,9.70732267e-01,9.99400180e-01
7.00000000e-04,1.00000000e+00,1.56500340e-02,1.00000000e-02,3.30206536e-01,4.92982373e-01,9.66021910e-01,9.99300245e-01
8.00000000e-04,1.00000000e+00,1.48670673e-02,1.00000000e-02,3.29530138e-01,4.91479138e-01,9.61358173e-01,9.99200320e-01
9.00000000e-04,1.00000000e+00,1.01609230e-02,1.00000000e-02,3.28937880e-01,4.90163924e-01,9.56740593e-01,9.99100405e-01
0.001,1.,0.01173997,0.01,0.32837788,0.48892186,0.95216871,0.9990005
0.002,1.,0.10225511,0.01,0.32305511,0.47721532,0.90886538,0.998002
0.003,1.,0.09038615,0.01,0.31795345,0.46616639,0.86965911,0.9970045
0.004,1.,0.08001399,0.01,0.31307361,0.45575148,0.83416002,0.99600799
0.005,1.,0.08870292,0.01,0.30842359,0.44596382,0.80201533,0.99501248
0.006,1.,0.10599709,0.01,0.30400843,0.43679161,0.77290582,0.99401796
0.007,1.,0.10049796,0.01,0.29983049,0.42821874,0.74654266,0.99302444
0.008,1.,0.093575,0.01,0.29588964,0.42022561,0.72266449,0.99203191
0.009,1.,0.08861995,0.01,0.29218354,0.41278985,0.70103485,0.99104038
0.01,1.,0.08286309,0.01,0.28870793,0.40588698,0.68143974,0.99004983
0.02,1.,0.94164705,0.01,0.26487464,0.36031056,0.56266781,0.98019867
0.03,1.,0.93278599,0.01,0.25431453,0.34104797,0.5173941,0.97044553
0.04,1.,0.88313198,0.01,0.2497921,0.33296448,0.49915915,0.96078944
0.05,1.,1.00902414,0.01,0.24768475,0.32923089,0.49087158,0.95122942
0.06,1.,0.8498621,0.01,0.2464954,0.3271329,0.48624387,0.94176453
0.07,1.,0.72312093,0.01,0.24564732,0.3256409,0.48296308,0.93239382
0.08,1.,0.68538404,0.01,0.24492401,0.32437104,0.48017839,0.92311635
9.00000000e-02,2.00000000e+00,7.23180056e-01,1.00000000e-04,2.44244998e-01,3.23181153e-01,4.77576880e-01,9.13931185e-01
1.00000000e-01,2.00000000e+00,9.35525179e-01,1.00000000e-04,2.43580458e-01,3.22018693e-01,4.75043512e-01,9.04837418e-01
1.10000000e-01,2.00000000e+00,7.79983997e-01,1.00000000e-04,2.42919368e-01,3.20864292e-01,4.72536047e-01,8.95834135e-01
1.20000000e-01,2.00000000e+00,7.89719105e-01,1.00000000e-04,2.42257660e-01,3.19710828e-01,4.70039020e-01,8.86920437e-01
1.30000000e-01,2.00000000e+00,7.82371044e-01,1.00000000e-04,2.41593836e-01,3.18555696e-01,4.67546824e-01,8.78095431e-01
1.40000000e-01,2.00000000e+00,7.76337147e-01,1.00000000e-04,2.40927350e-01,3.17397967e-01,4.65057471e-01,8.69358235e-01
1.50000000e-01,2.00000000e+00,8.06207180e-01,1.00000000e-04,2.40258009e-01,3.16237323e-01,4.62570308e-01,8.60707976e-01
1.60000000e-01,2.00000000e+00,7.90634871e-01,1.00000000e-04,2.39585752e-01,3.15073677e-01,4.60085172e-01,8.52143789e-01
1.70000000e-01,2.00000000e+00,7.82011032e-01,1.00000000e-04,2.38910563e-01,3.13907026e-01,4.57602080e-01,8.43664817e-01
1.80000000e-01,2.00000000e+00,7.87516117e-01,1.00000000e-04,2.38232447e-01,3.12737400e-01,4.55121115e-01,8.35270211e-01
1.90000000e-01,2.00000000e+00,7.88642883e-01,1.00000000e-04,2.37551415e-01,3.11564838e-01,4.52642385e-01,8.26959134e-01
2.00000000e-01,2.00000000e+00,8.37077141e-01,1.00000000e-04,2.36867481e-01,3.10389385e-01,4.50166004e-01,8.18730753e-01
2.10000000e-01,2.00000000e+00,8.11728001e-01,1.00000000e-04,2.36180661e-01,3.09211089e-01,4.47692091e-01,8.10584246e-01
2.20000000e-01,2.00000000e+00,8.03546190e-01,1.00000000e-04,2.35490969e-01,3.08029999e-01,4.45220765e-01,8.02518798e-01
2.30000000e-01,2.00000000e+00,7.99822092e-01,1.00000000e-04,2.34798424e-01,3.06846164e-01,4.42752145e-01,7.94533603e-01
2.40000000e-01,2.00000000e+00,8.12961102e-01,1.00000000e-04,2.34103041e-01,3.05659632e-01,4.40286351e-01,7.86627861e-01
2.50000000e-01,2.00000000e+00,8.18464041e-01,1.00000000e-04,2.33404839e-01,3.04470456e-01,4.37823499e-01,7.78800783e-01
2.60000000e-01,2.00000000e+00,8.03237915e-01,1.00000000e-04,2.32703835e-01,3.03278684e-01,4.35363708e-01,7.71051586e-01
2.70000000e-01,2.00000000e+00,7.83765793e-01,1.00000000e-04,2.32000047e-01,3.02084370e-01,4.32907095e-01,7.63379494e-01
2.80000000e-01,2.00000000e+00,7.76307821e-01,1.00000000e-04,2.31293496e-01,3.00887564e-01,4.30453776e-01,7.55783741e-01
2.90000000e-01,2.00000000e+00,8.01630974e-01,1.00000000e-04,2.30584198e-01,2.99688318e-01,4.28003867e-01,7.48263568e-01
3.00000000e-01,2.00000000e+00,8.37486982e-01,1.00000000e-04,2.29872176e-01,2.98486686e-01,4.25557483e-01,7.40818221e-01
3.10000000e-01,2.00000000e+00,9.73087072e-01,1.00000000e-04,2.29157447e-01,2.97282720e-01,4.23114739e-01,7.33446956e-01
3.20000000e-01,2.00000000e+00,7.99344063e-01,1.00000000e-04,2.28440033e-01,2.96076474e-01,4.20675748e-01,7.26149037e-01
3.30000000e-01,2.00000000e+00,1.01495600e+00,1.00000000e-04,2.27719955e-01,2.94868003e-01,4.18240623e-01,7.18923733e-01
3.40000000e-01,2.00000000e+00,9.30057049e-01,1.00000000e-04,2.26997235e-01,2.93657359e-01,4.15809477e-01,7.11770323e-01
3.50000000e-01,2.00000000e+00,1.01192498e+00,1.00000000e-04,2.26271893e-01,2.92444599e-01,4.13382421e-01,7.04688090e-01
3.60000000e-01,2.00000000e+00,1.01547885e+00,1.00000000e-04,2.25543952e-01,2.91229777e-01,4.10959566e-01,6.97676326e-01
3.70000000e-01,2.00000000e+00,8.47547054e-01,1.00000000e-04,2.24813434e-01,2.90012949e-01,4.08541022e-01,6.90734331e-01
3.80000000e-01,2.00000000e+00,8.49498034e-01,1.00000000e-04,2.24080363e-01,2.88794171e-01,4.06126897e-01,6.83861409e-01
3.90000000e-01,2.00000000e+00,7.94038057e-01,1.00000000e-04,2.23344762e-01,2.87573499e-01,4.03717301e-01,6.77056874e-01
4.00000000e-01,2.00000000e+00,7.63836861e-01,1.00000000e-04,2.22606655e-01,2.86350991e-01,4.01312340e-01,6.70320046e-01
4.10000000e-01,2.00000000e+00,8.03345919e-01,1.00000000e-04,2.21866066e-01,2.85126703e-01,3.98912121e-01,6.63650250e-01
4.20000000e-01,2.00000000e+00,8.25839996e-01,1.00000000e-04,2.21123020e-01,2.83900693e-01,3.96516750e-01,6.57046820e-01
4.30000000e-01,2.00000000e+00,7.88788795e-01,1.00000000e-04,2.20377542e-01,2.82673018e-01,3.94126332e-01,6.50509095e-01
4.40000000e-01,2.00000000e+00,7.73407221e-01,1.00000000e-04,2.19629657e-01,2.81443736e-01,3.91740969e-01,6.44036421e-01
4.50000000e-01,2.00000000e+00,7.67494917e-01,1.00000000e-04,2.18879391e-01,2.80212907e-01,3.89360766e-01,6.37628152e-01
4.60000000e-01,2.00000000e+00,8.41351032e-01,1.00000000e-04,2.18126771e-01,2.78980589e-01,3.86985824e-01,6.31283646e-01
4.70000000e-01,2.00000000e+00,8.14552069e-01,1.00000000e-04,2.17371823e-01,2.77746840e-01,3.84616244e-01,6.25002268e-01
4.80000000e-01,2.00000000e+00,8.65651846e-01,1.00000000e-04,2.16614575e-01,2.76511720e-01,3.82252125e-01,6.18783392e-01
4.90000000e-01,2.00000000e+00,7.81034946e-01,1.00000000e-04,2.15855053e-01,2.75275289e-01,3.79893568e-01,6.12626394e-01
5.00000000e-01,2.00000000e+00,7.76726007e-01,1.00000000e-04,2.15093286e-01,2.74037606e-01,3.77540669e-01,6.06530660e-01
5.10000000e-01,2.00000000e+00,7.94263124e-01,1.00000000e-04,2.14329302e-01,2.72798732e-01,3.75193526e-01,6.00495579e-01
5.20000000e-01,2.00000000e+00,7.78128862e-01,1.00000000e-04,2.13563130e-01,2.71558726e-01,3.72852234e-01,5.94520548e-01
5.30000000e-01,2.00000000e+00,7.41896868e-01,1.00000000e-04,2.12794798e-01,2.70317650e-01,3.70516888e-01,5.88604970e-01
5.40000000e-01,2.00000000e+00,7.73141861e-01,1.00000000e-04,2.12024337e-01,2.69075564e-01,3.68187582e-01,5.82748252e-01
5.50000000e-01,2.00000000e+00,7.69807816e-01,1.00000000e-04,2.11251775e-01,2.67832528e-01,3.65864409e-01,5.76949810e-01
5.60000000e-01,2.00000000e+00,7.79707193e-01,1.00000000e-04,2.10477144e-01,2.66588605e-01,3.63547460e-01,5.71209064e-01
5.70000000e-01,2.00000000e+00,8.22600126e-01,1.00000000e-04,2.09700473e-01,2.65343855e-01,3.61236825e-01,5.65525439e-01
5.80000000e-01,2.00000000e+00,7.71500826e-01,1.00000000e-04,2.08921794e-01,2.64098340e-01,3.58932594e-01,5.59898367e-01
5.90000000e-01,2.00000000e+00,8.16738129e-01,1.00000000e-04,2.08141138e-01,2.62852122e-01,3.56634854e-01,5.54327285e-01
6.00000000e-01,2.00000000e+00,8.32234144e-01,1.00000000e-04,2.07358536e-01,2.61605261e-01,3.54343694e-01,5.48811636e-01
6.10000000e-01,2.00000000e+00,9.21152115e-01,1.00000000e-04,2.06574021e-01,2.60357821e-01,3.52059198e-01,5.43350869e-01
6.20000000e-01,2.00000000e+00,8.17426920e-01,1.00000000e-04,2.05787625e-01,2.59109863e-01,3.49781451e-01,5.37944438e-01
6.30000000e-01,2.00000000e+00,8.43886852e-01,1.00000000e-04,2.04999380e-01,2.57861449e-01,3.47510538e-01,5.32591801e-01
6.40000000e-01,2.00000000e+00,9.90432978e-01,1.00000000e-04,2.04209320e-01,2.56612641e-01,3.45246539e-01,5.27292424e-01
6.50000000e-01,2.00000000e+00,8.24434042e-01,1.00000000e-04,2.03417477e-01,2.55363502e-01,3.42989537e-01,5.22045777e-01
6.60000000e-01,2.00000000e+00,8.08781147e-01,1.00000000e-04,2.02623887e-01,2.54114094e-01,3.40739612e-01,5.16851334e-01
6.70000000e-01,2.00000000e+00,7.81358004e-01,1.00000000e-04,2.01828581e-01,2.52864480e-01,3.38496841e-01,5.11708578e-01
6.80000000e-01,2.00000000e+00,8.73876810e-01,1.00000000e-04,2.01031596e-01,2.51614721e-01,3.36261303e-01,5.06616992e-01
6.90000000e-01,2.00000000e+00,1.04968596e+00,1.00000000e-04,2.00232965e-01,2.50364881e-01,3.34033073e-01,5.01576069e-01
7.00000000e-01,2.00000000e+00,9.62085962e-01,1.00000000e-04,1.99432724e-01,2.49115021e-01,3.31812228e-01,4.96585304e-01
0.71,1.,0.90989208,0.01,0.19863091,0.2478652,0.32959884,0.4916442
0.72,1.,0.99913692,0.01,0.19782755,0.24661549,0.32739298,0.48675226
0.73,1.,0.90071106,0.01,0.19702269,0.24536595,0.32519473,0.48190899
0.74,1.,0.79682112,0.01,0.19621636,0.24411664,0.32300414,0.47711392
0.75,1.,0.83508801,0.01,0.1954086,0.24286762,0.3208213,0.47236655
0.76,1.,0.82564998,0.01,0.19459945,0.24161896,0.31864627,0.46766643
0.77,1.,0.85441494,0.01,0.19378894,0.24037071,0.31647911,0.46301307
0.78,1.,0.82491899,0.01,0.19297711,0.23912294,0.31431989,0.45840601
0.79,1.,0.85745311,0.01,0.19216399,0.23787572,0.31216867,0.4538448
0.8,1.,0.80185008,0.01,0.19134963,0.2366291,0.31002552,0.44932896
0.81,1.,0.810287,0.01,0.19053406,0.23538314,0.3078905,0.44485807
0.82,1.,0.85189319,0.01,0.18971732,0.23413791,0.30576366,0.44043165
0.83,1.,0.84356308,0.01,0.18889946,0.23289348,0.30364507,0.43604929
0.84,1.,0.89198279,0.01,0.1880805,0.23164989,0.30153478,0.43171052
0.85,1.,0.80042005,0.01,0.18726048,0.23040721,0.29943286,0.42741493
0.86,1.,0.79718494,0.01,0.18643945,0.2291655,0.29733935,0.42316208
0.87,1.,0.75803494,0.01,0.18561745,0.22792483,0.2952543,0.41895155
0.88,1.,1.0803802,0.01,0.18479451,0.22668525,0.29317778,0.41478291
0.89,1.,1.34370804,0.01,0.18397067,0.22544683,0.29110983,0.41065575
0.9,1.,0.95737791,0.01,0.18314598,0.22420962,0.2890505,0.40656966
0.91,1.,0.84094191,0.01,0.18232048,0.22297369,0.28699984,0.40252422
0.92,1.,0.79189801,0.01,0.18149419,0.22173909,0.28495789,0.39851904
0.93,1.,0.73544717,0.01,0.18066717,0.22050588,0.28292471,0.39455371
0.94,1.,0.75608683,0.01,0.17983946,0.21927413,0.28090034,0.39062784
0.95,1.,0.76715398,0.01,0.17901108,0.21804389,0.27888482,0.38674102
0.96,1.,0.79052997,0.01,0.1781821,0.21681522,0.27687819,0.38289289
0.97,1.,0.73137498,0.01,0.17735254,0.21558818,0.2748805,0.37908304
0.98,1.,0.78201795,0.01,0.17652245,0.21436282,0.27289178,0.3753111
0.99,1.,0.74760604,0.01,0.17569187,0.21313921,0.27091208,0.37157669
1.,1.,0.73622203,0.01,0.17486083,0.2119174,0.26894142,0.36787944
1.01,1.,0.75832415,0.01,0.17402939,0.21069745,0.26697985,0.36421898
1.02,1.,0.76127601,0.01,0.17319758,0.20947942,0.2650274,0.36059494
1.03,1.,0.74647212,0.01,0.17236545,0.20826336,0.2630841,0.35700696
1.04,1.,1.08973098,0.01,0.17153302,0.20704932,0.26114999,0.35345468
1.05,1.,1.38511705,0.01,0.17070036,0.20583737,0.2592251,0.34993775
1.06,1.,1.32134199,0.01,0.16986749,0.20462756,0.25730945,0.34645581
1.07,1.,1.37996602,0.01,0.16903446,0.20341993,0.25540308,0.34300852
1.08,1.,1.27828908,0.01,0.16820131,0.20221456,0.25350602,0.33959553
1.09,1.,1.06052303,0.01,0.16736809,0.20101149,0.25161828,0.33621649
1.1,1.,1.168751,0.01,0.16653483,0.19981077,0.24973989,0.33287108
1.11000000e+00,2.00000000e+00,8.68175030e-01,1.00000000e-04,1.65701577e-01,1.98612454e-01,2.47870889e-01,3.29558961e-01
1.12000000e+00,2.00000000e+00,7.40218878e-01,1.00000000e-04,1.64868371e-01,1.97416601e-01,2.46011284e-01,3.26279795e-01
1.13000000e+00,2.00000000e+00,7.55093098e-01,1.00000000e-04,1.64035254e-01,1.96223260e-01,2.44161101e-01,3.23033256e-01
1.14000000e+00,2.00000000e+00,7.61430025e-01,1.00000000e-04,1.63202268e-01,1.95032482e-01,2.42320361e-01,3.19819022e-01
1.15000000e+00,2.00000000e+00,8.34425926e-01,1.00000000e-04,1.62369455e-01,1.93844319e-01,2.40489083e-01,3.16636769e-01
1.16000000e+00,2.00000000e+00,9.21761036e-01,1.00000000e-04,1.61536856e-01,1.92658820e-01,2.38667285e-01,3.13486181e-01
1.17000000e+00,2.00000000e+00,8.98943901e-01,1.00000000e-04,1.60704512e-01,1.91476036e-01,2.36854984e-01,3.10366941e-01
1.18000000e+00,2.00000000e+00,8.17509890e-01,1.00000000e-04,1.59872466e-01,1.90296018e-01,2.35052196e-01,3.07278739e-01
1.19000000e+00,2.00000000e+00,7.77593136e-01,1.00000000e-04,1.59040758e-01,1.89118813e-01,2.33258936e-01,3.04221264e-01
1.20000000e+00,2.00000000e+00,8.42182875e-01,1.00000000e-04,1.58209430e-01,1.87944470e-01,2.31475217e-01,3.01194212e-01
1.21000000e+00,2.00000000e+00,8.38525057e-01,1.00000000e-04,1.57378524e-01,1.86773037e-01,2.29701051e-01,2.98197279e-01
1.22000000e+00,2.00000000e+00,8.45398903e-01,1.00000000e-04,1.56548079e-01,1.85604563e-01,2.27936451e-01,2.95230167e-01
1.23000000e+00,2.00000000e+00,8.53033066e-01,1.00000000e-04,1.55718138e-01,1.84439094e-01,2.26181426e-01,2.92292578e-01
1.24000000e+00,2.00000000e+00,1.13689613e+00,1.00000000e-04,1.54888742e-01,1.83276676e-01,2.24435986e-01,2.89384218e-01
1.25000000e+00,2.00000000e+00,1.04864001e+00,1.00000000e-04,1.54059931e-01,1.82117355e-01,2.22700139e-01,2.86504797e-01
1.26000000e+00,2.00000000e+00,8.17134142e-01,1.00000000e-04,1.53231746e-01,1.80961177e-01,2.20973892e-01,2.83654026e-01
1.27000000e+00,2.00000000e+00,8.40011835e-01,1.00000000e-04,1.52404228e-01,1.79808187e-01,2.19257252e-01,2.80831622e-01
1.28000000e+00,2.00000000e+00,8.01929951e-01,1.00000000e-04,1.51577417e-01,1.78658428e-01,2.17550224e-01,2.78037300e-01
1.29000000e+00,2.00000000e+00,8.28241825e-01,1.00000000e-04,1.50751354e-01,1.77511945e-01,2.15852811e-01,2.75270783e-01
1.30000000e+00,2.00000000e+00,8.47485065e-01,1.00000000e-04,1.49926079e-01,1.76368781e-01,2.14165017e-01,2.72531793e-01
1.31000000e+00,2.00000000e+00,8.30593824e-01,1.00000000e-04,1.49101632e-01,1.75228977e-01,2.12486844e-01,2.69820056e-01
1.32000000e+00,2.00000000e+00,1.07284617e+00,1.00000000e-04,1.48278052e-01,1.74092576e-01,2.10818293e-01,2.67135302e-01
1.33000000e+00,2.00000000e+00,8.85046959e-01,1.00000000e-04,1.47455381e-01,1.72959620e-01,2.09159365e-01,2.64477261e-01
1.34000000e+00,2.00000000e+00,1.09270787e+00,1.00000000e-04,1.46633656e-01,1.71830149e-01,2.07510059e-01,2.61845669e-01
1.35000000e+00,2.00000000e+00,8.48244905e-01,1.00000000e-04,1.45812918e-01,1.70704203e-01,2.05870372e-01,2.59240261e-01
1.36000000e+00,2.00000000e+00,1.10508204e+00,1.00000000e-04,1.44993206e-01,1.69581822e-01,2.04240302e-01,2.56660777e-01
1.37000000e+00,2.00000000e+00,1.02866316e+00,1.00000000e-04,1.44174559e-01,1.68463045e-01,2.02619846e-01,2.54106960e-01
1.38000000e+00,2.00000000e+00,1.06038404e+00,1.00000000e-04,1.43357015e-01,1.67347909e-01,2.01009000e-01,2.51578553e-01
1.39000000e+00,2.00000000e+00,8.88484001e-01,1.00000000e-04,1.42540613e-01,1.66236454e-01,1.99407757e-01,2.49075305e-01
1.40000000e+00,2.00000000e+00,7.60913134e-01,1.00000000e-04,1.41725391e-01,1.65128715e-01,1.97816111e-01,2.46596964e-01
1.41000000e+00,2.00000000e+00,7.73360968e-01,1.00000000e-04,1.40911388e-01,1.64024730e-01,1.96234056e-01,2.44143283e-01
1.42000000e+00,2.00000000e+00,8.15135002e-01,1.00000000e-04,1.40098641e-01,1.62924534e-01,1.94661584e-01,2.41714017e-01
1.43000000e+00,2.00000000e+00,9.30614948e-01,1.00000000e-04,1.39287189e-01,1.61828162e-01,1.93098684e-01,2.39308922e-01
1.44000000e+00,2.00000000e+00,8.73081207e-01,1.00000000e-04,1.38477068e-01,1.60735650e-01,1.91545349e-01,2.36927759e-01
1.45000000e+00,2.00000000e+00,8.11912060e-01,1.00000000e-04,1.37668315e-01,1.59647031e-01,1.90001566e-01,2.34570288e-01
1.46000000e+00,2.00000000e+00,8.23550940e-01,1.00000000e-04,1.36860968e-01,1.58562338e-01,1.88467325e-01,2.32236275e-01
1.47000000e+00,2.00000000e+00,8.78719807e-01,1.00000000e-04,1.36055062e-01,1.57481604e-01,1.86942614e-01,2.29925485e-01
1.48000000e+00,2.00000000e+00,9.33075905e-01,1.00000000e-04,1.35250636e-01,1.56404862e-01,1.85427419e-01,2.27637688e-01
1.49000000e+00,2.00000000e+00,8.59833956e-01,1.00000000e-04,1.34447723e-01,1.55332143e-01,1.83921727e-01,2.25372656e-01
1.50000000e+00,2.00000000e+00,8.18490028e-01,1.00000000e-04,1.33646361e-01,1.54263477e-01,1.82425524e-01,2.23130160e-01
1.51000000e+00,2.00000000e+00,7.70401001e-01,1.00000000e-04,1.32846584e-01,1.53198895e-01,1.80938793e-01,2.20909978e-01
1.52000000e+00,2.00000000e+00,7.82408953e-01,1.00000000e-04,1.32048428e-01,1.52138426e-01,1.79461519e-01,2.18711887e-01
1.53000000e+00,2.00000000e+00,7.65100002e-01,1.00000000e-04,1.31251927e-01,1.51082100e-01,1.77993686e-01,2.16535667e-01
1.54000000e+00,2.00000000e+00,7.49906063e-01,1.00000000e-04,1.30457117e-01,1.50029944e-01,1.76535275e-01,2.14381101e-01
1.55000000e+00,2.00000000e+00,7.75077105e-01,1.00000000e-04,1.29664031e-01,1.48981986e-01,1.75086268e-01,2.12247974e-01
1.56000000e+00,2.00000000e+00,8.67238998e-01,1.00000000e-04,1.28872703e-01,1.47938254e-01,1.73646647e-01,2.10136071e-01
1.57000000e+00,2.00000000e+00,8.44710112e-01,1.00000000e-04,1.28083168e-01,1.46898773e-01,1.72216392e-01,2.08045182e-01
1.58000000e+00,2.00000000e+00,8.67311001e-01,1.00000000e-04,1.27295457e-01,1.45863569e-01,1.70795482e-01,2.05975098e-01
1.59000000e+00,2.00000000e+00,8.28764915e-01,1.00000000e-04,1.26509605e-01,1.44832668e-01,1.69383897e-01,2.03925612e-01
1.60000000e+00,2.00000000e+00,8.16984177e-01,1.00000000e-04,1.25725643e-01,1.43806094e-01,1.67981615e-01,2.01896518e-01
1.61000000e+00,2.00000000e+00,8.27116966e-01,1.00000000e-04,1.24943604e-01,1.42783870e-01,1.66588614e-01,1.99887614e-01
1.62000000e+00,2.00000000e+00,8.14099073e-01,1.00000000e-04,1.24163520e-01,1.41766020e-01,1.65204870e-01,1.97898699e-01
1.63000000e+00,2.00000000e+00,8.75859976e-01,1.00000000e-04,1.23385423e-01,1.40752566e-01,1.63830361e-01,1.95929574e-01
1.64000000e+00,2.00000000e+00,8.03292990e-01,1.00000000e-04,1.22609342e-01,1.39743531e-01,1.62465063e-01,1.93980042e-01
1.65000000e+00,2.00000000e+00,7.78815031e-01,1.00000000e-04,1.21835311e-01,1.38738936e-01,1.61108950e-01,1.92049909e-01
1.66000000e+00,2.00000000e+00,8.25263977e-01,1.00000000e-04,1.21063358e-01,1.37738801e-01,1.59761997e-01,1.90138980e-01
1.67000000e+00,2.00000000e+00,7.73796082e-01,1.00000000e-04,1.20293513e-01,1.36743146e-01,1.58424179e-01,1.88247066e-01
1.68000000e+00,2.00000000e+00,1.44018388e+00,1.00000000e-04,1.19525808e-01,1.35751990e-01,1.57095469e-01,1.86373976e-01
1.69000000e+00,2.00000000e+00,8.80511999e-01,1.00000000e-04,1.18760270e-01,1.34765353e-01,1.55775840e-01,1.84519524e-01
1.70000000e+00,2.00000000e+00,8.57398987e-01,1.00000000e-04,1.17996929e-01,1.33783253e-01,1.54465265e-01,1.82683524e-01
1.71000000e+00,2.00000000e+00,9.81752157e-01,1.00000000e-04,1.17235814e-01,1.32805707e-01,1.53163716e-01,1.80865793e-01
1.72000000e+00,2.00000000e+00,9.88271952e-01,1.00000000e-04,1.16476952e-01,1.31832733e-01,1.51871164e-01,1.79066148e-01
1.73000000e+00,2.00000000e+00,9.11251068e-01,1.00000000e-04,1.15720371e-01,1.30864345e-01,1.50587580e-01,1.77284410e-01
1.74000000e+00,2.00000000e+00,8.53439093e-01,1.00000000e-04,1.14966099e-01,1.29900561e-01,1.49312935e-01,1.75520401e-01
1.75000000e+00,2.00000000e+00,8.55170012e-01,1.00000000e-04,1.14214163e-01,1.28941395e-01,1.48047198e-01,1.73773943e-01
1.76000000e+00,2.00000000e+00,8.64175797e-01,1.00000000e-04,1.13464589e-01,1.27986862e-01,1.46790340e-01,1.72044864e-01
1.77000000e+00,2.00000000e+00,8.34702015e-01,1.00000000e-04,1.12717404e-01,1.27036975e-01,1.45542329e-01,1.70332989e-01
1.78000000e+00,2.00000000e+00,8.41997862e-01,1.00000000e-04,1.11972632e-01,1.26091749e-01,1.44303134e-01,1.68638147e-01
1.79000000e+00,2.00000000e+00,8.25915098e-01,1.00000000e-04,1.11230301e-01,1.25151195e-01,1.43072723e-01,1.66960170e-01
1.80000000e+00,2.00000000e+00,8.59683037e-01,1.00000000e-04,1.10490434e-01,1.24215326e-01,1.41851065e-01,1.65298888e-01
1.81000000e+00,2.00000000e+00,1.03618503e+00,1.00000000e-04,1.09753056e-01,1.23284153e-01,1.40638126e-01,1.63654137e-01
1.82000000e+00,2.00000000e+00,8.38179111e-01,1.00000000e-04,1.09018191e-01,1.22357687e-01,1.39433873e-01,1.62025751e-01
1.83000000e+00,2.00000000e+00,1.03626084e+00,1.00000000e-04,1.08285864e-01,1.21435939e-01,1.38238273e-01,1.60413568e-01
1.84000000e+00,2.00000000e+00,7.58399010e-01,1.00000000e-04,1.07556097e-01,1.20518918e-01,1.37051293e-01,1.58817426e-01
1.85000000e+00,2.00000000e+00,8.26387882e-01,1.00000000e-04,1.06828913e-01,1.19606634e-01,1.35872897e-01,1.57237166e-01
1.86000000e+00,2.00000000e+00,7.75358915e-01,1.00000000e-04,1.06104334e-01,1.18699095e-01,1.34703052e-01,1.55672630e-01
1.87000000e+00,2.00000000e+00,7.62125015e-01,1.00000000e-04,1.05382384e-01,1.17796310e-01,1.33541723e-01,1.54123662e-01
1.88000000e+00,2.00000000e+00,7.88591862e-01,1.00000000e-04,1.04663082e-01,1.16898285e-01,1.32388874e-01,1.52590106e-01
1.89000000e+00,2.00000000e+00,7.77984858e-01,1.00000000e-04,1.03946452e-01,1.16005029e-01,1.31244469e-01,1.51071809e-01
1.90000000e+00,2.00000000e+00,7.60442019e-01,1.00000000e-04,1.03232513e-01,1.15116546e-01,1.30108474e-01,1.49568619e-01
1.91000000e+00,2.00000000e+00,7.70885944e-01,1.00000000e-04,1.02521285e-01,1.14232844e-01,1.28980852e-01,1.48080387e-01
1.92000000e+00,2.00000000e+00,1.04664612e+00,1.00000000e-04,1.01812789e-01,1.13353928e-01,1.27861566e-01,1.46606962e-01
1.93000000e+00,2.00000000e+00,9.01135921e-01,1.00000000e-04,1.01107044e-01,1.12479802e-01,1.26750580e-01,1.45148198e-01
1.94000000e+00,2.00000000e+00,1.05953908e+00,1.00000000e-04,1.00404070e-01,1.11610470e-01,1.25647857e-01,1.43703950e-01
1.95000000e+00,2.00000000e+00,8.30613852e-01,1.00000000e-04,9.97038843e-02,1.10745937e-01,1.24553358e-01,1.42274072e-01
1.96000000e+00,2.00000000e+00,7.91712999e-01,1.00000000e-04,9.90065060e-02,1.09886206e-01,1.23467048e-01,1.40858421e-01
1.97000000e+00,2.00000000e+00,7.85655022e-01,1.00000000e-04,9.83119525e-02,1.09031279e-01,1.22388887e-01,1.39456856e-01
1.98000000e+00,2.00000000e+00,8.05445194e-01,1.00000000e-04,9.76202415e-02,1.08181158e-01,1.21318838e-01,1.38069237e-01
1.99000000e+00,2.00000000e+00,8.00168991e-01,1.00000000e-04,9.69313897e-02,1.07335847e-01,1.20256862e-01,1.36695425e-01
2.00000000e+00,2.00000000e+00,1.30071282e+00,1.00000000e-04,9.62454138e-02,1.06495344e-01,1.19202922e-01,1.35335283e-01
2.01000000e+00,2.00000000e+00,9.57945108e-01,1.00000000e-04,9.55623298e-02,1.05659652e-01,1.18156978e-01,1.33988675e-01
2.02000000e+00,2.00000000e+00,7.74333954e-01,1.00000000e-04,9.48821535e-02,1.04828771e-01,1.17118991e-01,1.32655465e-01
2.03000000e+00,2.00000000e+00,7.55176067e-01,1.00000000e-04,9.42049001e-02,1.04002700e-01,1.16088922e-01,1.31335521e-01
2.04000000e+00,2.00000000e+00,8.12139034e-01,1.00000000e-04,9.35305844e-02,1.03181438e-01,1.15066732e-01,1.30028711e-01
2.05000000e+00,2.00000000e+00,7.46718884e-01,1.00000000e-04,9.28592209e-02,1.02364985e-01,1.14052381e-01,1.28734904e-01
2.06000000e+00,2.00000000e+00,9.97035980e-01,1.00000000e-04,9.21908236e-02,1.01553339e-01,1.13045830e-01,1.27453970e-01
2.07000000e+00,2.00000000e+00,9.21861887e-01,1.00000000e-04,9.15254060e-02,1.00746498e-01,1.12047039e-01,1.26185782e-01
2.08000000e+00,2.00000000e+00,8.59143972e-01,1.00000000e-04,9.08629813e-02,9.99444585e-02,1.11055967e-01,1.24930212e-01
2.09000000e+00,2.00000000e+00,7.62815952e-01,1.00000000e-04,9.02035624e-02,9.91472184e-02,1.10072574e-01,1.23687136e-01
2.10000000e+00,2.00000000e+00,8.28544140e-01,1.00000000e-04,8.95471614e-02,9.83547740e-02,1.09096821e-01,1.22456428e-01
2.11000000e+00,2.00000000e+00,9.42893028e-01,1.00000000e-04,8.88937904e-02,9.75671215e-02,1.08128667e-01,1.21237966e-01
2.12000000e+00,2.00000000e+00,7.64179945e-01,1.00000000e-04,8.82434608e-02,9.67842564e-02,1.07168070e-01,1.20031629e-01
2.13000000e+00,2.00000000e+00,7.78310061e-01,1.00000000e-04,8.75961837e-02,9.60061742e-02,1.06214992e-01,1.18837294e-01
2.14000000e+00,2.00000000e+00,8.02311897e-01,1.00000000e-04,8.69519699e-02,9.52328696e-02,1.05269390e-01,1.17654843e-01
2.15000000e+00,2.00000000e+00,7.72404909e-01,1.00000000e-04,8.63108296e-02,9.44643371e-02,1.04331223e-01,1.16484158e-01
2.16000000e+00,2.00000000e+00,7.47756958e-01,1.00000000e-04,8.56727727e-02,9.37005707e-02,1.03400451e-01,1.15325121e-01
2.17000000e+00,2.00000000e+00,7.65232086e-01,1.00000000e-04,8.50378087e-02,9.29415641e-02,1.02477033e-01,1.14177617e-01
2.18000000e+00,2.00000000e+00,7.56164074e-01,1.00000000e-04,8.44059466e-02,9.21873105e-02,1.01560928e-01,1.13041531e-01
2.19000000e+00,2.00000000e+00,8.47500086e-01,1.00000000e-04,8.37771952e-02,9.14378027e-02,1.00652094e-01,1.11916749e-01
2.20000000e+00,2.00000000e+00,8.93476963e-01,1.00000000e-04,8.31515628e-02,9.06930332e-02,9.97504891e-02,1.10803158e-01
2.21000000e+00,2.00000000e+00,9.55710888e-01,1.00000000e-04,8.25290572e-02,8.99529941e-02,9.88560732e-02,1.09700649e-01
2.22000000e+00,2.00000000e+00,7.56014109e-01,1.00000000e-04,8.19096859e-02,8.92176772e-02,9.79688043e-02,1.08609109e-01
2.23000000e+00,2.00000000e+00,7.66404152e-01,1.00000000e-04,8.12934561e-02,8.84870738e-02,9.70886410e-02,1.07528430e-01
2.24000000e+00,2.00000000e+00,7.52103090e-01,1.00000000e-04,8.06803745e-02,8.77611748e-02,9.62155417e-02,1.06458504e-01
2.25000000e+00,2.00000000e+00,8.10534000e-01,1.00000000e-04,8.00704475e-02,8.70399711e-02,9.53494649e-02,1.05399225e-01
2.26000000e+00,2.00000000e+00,8.35278988e-01,1.00000000e-04,7.94636811e-02,8.63234527e-02,9.44903690e-02,1.04350485e-01
2.27000000e+00,2.00000000e+00,9.14033890e-01,1.00000000e-04,7.88600807e-02,8.56116098e-02,9.36382122e-02,1.03312180e-01
2.28000000e+00,2.00000000e+00,7.93317795e-01,1.00000000e-04,7.82596517e-02,8.49044319e-02,9.27929531e-02,1.02284207e-01
2.29000000e+00,2.00000000e+00,7.74361849e-01,1.00000000e-04,7.76623990e-02,8.42019084e-02,9.19545499e-02,1.01266462e-01
2.30000000e+00,2.00000000e+00,8.99905920e-01,1.00000000e-04,7.70683269e-02,8.35040282e-02,9.11229610e-02,1.00258844e-01
2.31000000e+00,2.00000000e+00,7.85086155e-01,1.00000000e-04,7.64774397e-02,8.28107800e-02,9.02981447e-02,9.92612516e-02
2.32000000e+00,2.00000000e+00,8.29371929e-01,1.00000000e-04,7.58897411e-02,8.21221522e-02,8.94800593e-02,9.82735856e-02
2.33000000e+00,2.00000000e+00,7.78879166e-01,1.00000000e-04,7.53052345e-02,8.14381327e-02,8.86686633e-02,9.72957471e-02
2.34000000e+00,2.00000000e+00,7.92665005e-01,1.00000000e-04,7.47239229e-02,8.07587094e-02,8.78639148e-02,9.63276382e-02
2.35000000e+00,2.00000000e+00,8.13343048e-01,1.00000000e-04,7.41458091e-02,8.00838697e-02,8.70657724e-02,9.53691622e-02
2.36000000e+00,2.00000000e+00,9.39334869e-01,1.00000000e-04,7.35708954e-02,7.94136008e-02,8.62741945e-02,9.44202232e-02
2.37000000e+00,2.00000000e+00,8.26112032e-01,1.00000000e-04,7.29991838e-02,7.87478896e-02,8.54891394e-02,9.34807263e-02
2.38000000e+00,2.00000000e+00,8.07633877e-01,1.00000000e-04,7.24306760e-02,7.80867227e-02,8.47105657e-02,9.25505775e-02
2.39000000e+00,2.00000000e+00,7.90498972e-01,1.00000000e-04,7.18653733e-02,7.74300864e-02,8.39384319e-02,9.16296839e-02
2.40000000e+00,2.00000000e+00,8.38270903e-01,1.00000000e-04,7.13032768e-02,7.67779668e-02,8.31726965e-02,9.07179533e-02
2.41000000e+00,2.00000000e+00,7.67259836e-01,1.00000000e-04,7.07443870e-02,7.61303498e-02,8.24133181e-02,8.98152946e-02
2.42000000e+00,2.00000000e+00,9.12824154e-01,1.00000000e-04,7.01887043e-02,7.54872209e-02,8.16602555e-02,8.89216175e-02
2.43000000e+00,2.00000000e+00,9.70483065e-01,1.00000000e-04,6.96362288e-02,7.48485654e-02,8.09134672e-02,8.80368326e-02
2.44000000e+00,2.00000000e+00,8.16977024e-01,1.00000000e-04,6.90869601e-02,7.42143685e-02,8.01729122e-02,8.71608515e-02
2.45000000e+00,2.00000000e+00,7.98282146e-01,1.00000000e-04,6.85408977e-02,7.35846150e-02,7.94385492e-02,8.62935865e-02
2.46000000e+00,2.00000000e+00,7.49046087e-01,1.00000000e-04,6.79980405e-02,7.29592895e-02,7.87103372e-02,8.54349510e-02
2.47000000e+00,2.00000000e+00,7.57977009e-01,1.00000000e-04,6.74583874e-02,7.23383765e-02,7.79882351e-02,8.45848590e-02
2.48000000e+00,2.00000000e+00,7.47001171e-01,1.00000000e-04,6.69219368e-02,7.17218600e-02,7.72722021e-02,8.37432256e-02
2.49000000e+00,2.00000000e+00,7.51506090e-01,1.00000000e-04,6.63886869e-02,7.11097241e-02,7.65621974e-02,8.29099666e-02
2.50000000e+00,2.00000000e+00,7.81089067e-01,1.00000000e-04,6.58586356e-02,7.05019525e-02,7.58581800e-02,8.20849986e-02
2.51000000e+00,2.00000000e+00,8.94900799e-01,1.00000000e-04,6.53317803e-02,6.98985287e-02,7.51601095e-02,8.12682392e-02
2.52000000e+00,2.00000000e+00,9.13609028e-01,1.00000000e-04,6.48081185e-02,6.92994362e-02,7.44679452e-02,8.04596067e-02
2.53000000e+00,2.00000000e+00,7.66916037e-01,1.00000000e-04,6.42876470e-02,6.87046581e-02,7.37816466e-02,7.96590203e-02
2.54000000e+00,2.00000000e+00,7.95137882e-01,1.00000000e-04,6.37703627e-02,6.81141774e-02,7.31011734e-02,7.88663998e-02
2.55000000e+00,2.00000000e+00,8.27872038e-01,1.00000000e-04,6.32562620e-02,6.75279768e-02,7.24264854e-02,7.80816660e-02
2.56000000e+00,2.00000000e+00,8.51902962e-01,1.00000000e-04,6.27453409e-02,6.69460391e-02,7.17575423e-02,7.73047404e-02
2.57000000e+00,2.00000000e+00,8.69522095e-01,1.00000000e-04,6.22375955e-02,6.63683466e-02,7.10943041e-02,7.65355454e-02
2.58000000e+00,2.00000000e+00,9.23177004e-01,1.00000000e-04,6.17330214e-02,6.57948816e-02,7.04367309e-02,7.57740040e-02
2.59000000e+00,2.00000000e+00,7.91836023e-01,1.00000000e-04,6.12316139e-02,6.52256263e-02,6.97847829e-02,7.50200401e-02
2.60000000e+00,2.00000000e+00,7.40288019e-01,1.00000000e-04,6.07333681e-02,6.46605626e-02,6.91384203e-02,7.42735782e-02
2.61000000e+00,2.00000000e+00,8.25616121e-01,1.00000000e-04,6.02382790e-02,6.40996724e-02,6.84976037e-02,7.35345438e-02
2.62000000e+00,2.00000000e+00,8.10163021e-01,1.00000000e-04,5.97463411e-02,6.35429372e-02,6.78622936e-02,7.28028628e-02
2.63000000e+00,2.00000000e+00,8.26872110e-01,1.00000000e-04,5.92575488e-02,6.29903387e-02,6.72324506e-02,7.20784622e-02
2.64000000e+00,2.00000000e+00,8.04543972e-01,1.00000000e-04,5.87718962e-02,6.24418582e-02,6.66080356e-02,7.13612696e-02
2.65000000e+00,2.00000000e+00,8.39982033e-01,1.00000000e-04,5.82893773e-02,6.18974770e-02,6.59890095e-02,7.06512131e-02
2.66000000e+00,2.00000000e+00,7.59320974e-01,1.00000000e-04,5.78099856e-02,6.13571762e-02,6.53753334e-02,6.99482217e-02
2.67000000e+00,2.00000000e+00,8.35508108e-01,1.00000000e-04,5.73337147e-02,6.08209368e-02,6.47669686e-02,6.92522253e-02
2.68000000e+00,2.00000000e+00,7.91583061e-01,1.00000000e-04,5.68605577e-02,6.02887397e-02,6.41638764e-02,6.85631542e-02
2.69000000e+00,2.00000000e+00,7.70609140e-01,1.00000000e-04,5.63905077e-02,5.97605657e-02,6.35660183e-02,6.78809394e-02
2.70000000e+00,2.00000000e+00,7.75231838e-01,1.00000000e-04,5.59235573e-02,5.92363954e-02,6.29733561e-02,6.72055127e-02
2.71000000e+00,2.00000000e+00,8.15277100e-01,1.00000000e-04,5.54596991e-02,5.87162094e-02,6.23858514e-02,6.65368067e-02
2.72000000e+00,2.00000000e+00,7.52904892e-01,1.00000000e-04,5.49989256e-02,5.81999882e-02,6.18034663e-02,6.58747544e-02
2.73000000e+00,2.00000000e+00,9.18656111e-01,1.00000000e-04,5.45412288e-02,5.76877121e-02,6.12261628e-02,6.52192897e-02
2.74000000e+00,2.00000000e+00,8.87596130e-01,1.00000000e-04,5.40866006e-02,5.71793613e-02,6.06539033e-02,6.45703469e-02
2.75000000e+00,2.00000000e+00,8.32843065e-01,1.00000000e-04,5.36350329e-02,5.66749162e-02,6.00866502e-02,6.39278612e-02
2.76000000e+00,2.00000000e+00,7.82142162e-01,1.00000000e-04,5.31865172e-02,5.61743567e-02,5.95243660e-02,6.32917684e-02
2.77000000e+00,2.00000000e+00,7.73168087e-01,1.00000000e-04,5.27410448e-02,5.56776628e-02,5.89670135e-02,6.26620047e-02
2.78000000e+00,2.00000000e+00,7.60288000e-01,1.00000000e-04,5.22986069e-02,5.51848146e-02,5.84145555e-02,6.20385074e-02
2.79000000e+00,2.00000000e+00,9.88910913e-01,1.00000000e-04,5.18591945e-02,5.46957919e-02,5.78669553e-02,6.14212139e-02
2.80000000e+00,2.00000000e+00,1.04771900e+00,1.00000000e-04,5.14227984e-02,5.42105745e-02,5.73241759e-02,6.08100626e-02
2.81000000e+00,2.00000000e+00,1.05177212e+00,1.00000000e-04,5.09894093e-02,5.37291420e-02,5.67861808e-02,6.02049924e-02
2.82000000e+00,2.00000000e+00,7.98392057e-01,1.00000000e-04,5.05590177e-02,5.32514743e-02,5.62529336e-02,5.96059427e-02
2.83000000e+00,2.00000000e+00,7.92026043e-01,1.00000000e-04,5.01316137e-02,5.27775509e-02,5.57243979e-02,5.90128537e-02
2.84000000e+00,2.00000000e+00,8.27775002e-01,1.00000000e-04,4.97071877e-02,5.23073513e-02,5.52005378e-02,5.84256660e-02
2.85000000e+00,2.00000000e+00,8.48567963e-01,1.00000000e-04,4.92857296e-02,5.18408552e-02,5.46813172e-02,5.78443209e-02
2.86000000e+00,2.00000000e+00,8.22269917e-01,1.00000000e-04,4.88672292e-02,5.13780418e-02,5.41667005e-02,5.72687603e-02
2.87000000e+00,2.00000000e+00,8.56733084e-01,1.00000000e-04,4.84516761e-02,5.09188908e-02,5.36566520e-02,5.66989266e-02
2.88000000e+00,2.00000000e+00,7.90390015e-01,1.00000000e-04,4.80390600e-02,5.04633815e-02,5.31511364e-02,5.61347628e-02
2.89000000e+00,2.00000000e+00,7.63273001e-01,1.00000000e-04,4.76293702e-02,5.00114931e-02,5.26501184e-02,5.55762126e-02
2.90000000e+00,2.00000000e+00,8.22479010e-01,1.00000000e-04,4.72225959e-02,4.95632051e-02,5.21535631e-02,5.50232201e-02
2.91000000e+00,2.00000000e+00,8.25115919e-01,1.00000000e-04,4.68187263e-02,4.91184968e-02,5.16614355e-02,5.44757299e-02
2.92000000e+00,2.00000000e+00,8.35978985e-01,1.00000000e-04,4.64177503e-02,4.86773473e-02,5.11737009e-02,5.39336873e-02
2.93000000e+00,2.00000000e+00,8.78076792e-01,1.00000000e-04,4.60196569e-02,4.82397360e-02,5.06903249e-02,5.33970381e-02
2.94000000e+00,2.00000000e+00,9.26644087e-01,1.00000000e-04,4.56244346e-02,4.78056420e-02,5.02112732e-02,5.28657287e-02
2.95000000e+00,2.00000000e+00,7.69911051e-01,1.00000000e-04,4.52320721e-02,4.73750446e-02,4.97365116e-02,5.23397059e-02
2.96000000e+00,2.00000000e+00,7.45679140e-01,1.00000000e-04,4.48425579e-02,4.69479230e-02,4.92660061e-02,5.18189172e-02
2.97000000e+00,2.00000000e+00,8.43412876e-01,1.00000000e-04,4.44558804e-02,4.65242563e-02,4.87997230e-02,5.13033103e-02
2.98000000e+00,2.00000000e+00,8.37728024e-01,1.00000000e-04,4.40720277e-02,4.61040237e-02,4.83376287e-02,5.07928339e-02
2.99000000e+00,2.00000000e+00,8.54406834e-01,1.00000000e-04,4.36909881e-02,4.56872044e-02,4.78796898e-02,5.02874367e-02
3.00000000e+00,2.00000000e+00,1.01994801e+00,1.00000000e-04,4.33127495e-02,4.52737776e-02,4.74258732e-02,4.97870684e-02
3.01000000e+00,2.00000000e+00,8.61160040e-01,1.00000000e-04,4.29372999e-02,4.48637224e-02,4.69761457e-02,4.92916788e-02
3.02000000e+00,2.00000000e+00,8.33388805e-01,1.00000000e-04,4.25646272e-02,4.44570181e-02,4.65304745e-02,4.88012184e-02
3.03000000e+00,2.00000000e+00,8.45839024e-01,1.00000000e-04,4.21947190e-02,4.40536437e-02,4.60888270e-02,4.83156381e-02
3.04000000e+00,2.00000000e+00,8.61726046e-01,1.00000000e-04,4.18275630e-02,4.36535785e-02,4.56511708e-02,4.78348895e-02
3.05000000e+00,2.00000000e+00,1.13528419e+00,1.00000000e-04,4.14631467e-02,4.32568016e-02,4.52174735e-02,4.73589244e-02
3.06000000e+00,2.00000000e+00,9.02021885e-01,1.00000000e-04,4.11014577e-02,4.28632924e-02,4.47877030e-02,4.68876952e-02
3.07000000e+00,2.00000000e+00,7.92053938e-01,1.00000000e-04,4.07424833e-02,4.24730300e-02,4.43618276e-02,4.64211549e-02
3.08000000e+00,2.00000000e+00,7.85566807e-01,1.00000000e-04,4.03862107e-02,4.20859937e-02,4.39398154e-02,4.59592566e-02
3.09000000e+00,2.00000000e+00,8.14467907e-01,1.00000000e-04,4.00326273e-02,4.17021628e-02,4.35216350e-02,4.55019544e-02
3.10000000e+00,2.00000000e+00,9.83551979e-01,1.00000000e-04,3.96817202e-02,4.13215165e-02,4.31072549e-02,4.50492024e-02
3.11000000e+00,2.00000000e+00,8.17882061e-01,1.00000000e-04,3.93334764e-02,4.09440342e-02,4.26966442e-02,4.46009553e-02
3.12000000e+00,2.00000000e+00,8.34513903e-01,1.00000000e-04,3.89878829e-02,4.05696953e-02,4.22897718e-02,4.41571684e-02
3.13000000e+00,2.00000000e+00,7.45984077e-01,1.00000000e-04,3.86449268e-02,4.01984790e-02,4.18866071e-02,4.37177973e-02
3.14000000e+00,2.00000000e+00,1.24328113e+00,1.00000000e-04,3.83045948e-02,3.98303650e-02,4.14871193e-02,4.32827979e-02
3.15000000e+00,2.00000000e+00,9.53175068e-01,1.00000000e-04,3.79668738e-02,3.94653325e-02,4.10912782e-02,4.28521269e-02
3.16000000e+00,2.00000000e+00,1.02801585e+00,1.00000000e-04,3.76317506e-02,3.91033611e-02,4.06990536e-02,4.24257411e-02
3.17000000e+00,2.00000000e+00,8.29509020e-01,1.00000000e-04,3.72992118e-02,3.87444303e-02,4.03104154e-02,4.20035979e-02
3.18000000e+00,2.00000000e+00,7.85544872e-01,1.00000000e-04,3.69692441e-02,3.83885196e-02,3.99253340e-02,4.15856551e-02
3.19000000e+00,2.00000000e+00,7.59339094e-01,1.00000000e-04,3.66418341e-02,3.80356088e-02,3.95437796e-02,4.11718709e-02
3.20000000e+00,2.00000000e+00,7.78084040e-01,1.00000000e-04,3.63169685e-02,3.76856774e-02,3.91657228e-02,4.07622040e-02
3.21000000e+00,2.00000000e+00,8.00248861e-01,1.00000000e-04,3.59946335e-02,3.73387052e-02,3.87911345e-02,4.03566133e-02
3.22000000e+00,2.00000000e+00,8.28554869e-01,1.00000000e-04,3.56748159e-02,3.69946719e-02,3.84199855e-02,3.99550583e-02
3.23000000e+00,2.00000000e+00,7.78877020e-01,1.00000000e-04,3.53575019e-02,3.66535573e-02,3.80522471e-02,3.95574988e-02
3.24000000e+00,2.00000000e+00,8.43269110e-01,1.00000000e-04,3.50426780e-02,3.63153412e-02,3.76878905e-02,3.91638951e-02
3.25000000e+00,2.00000000e+00,7.63808966e-01,1.00000000e-04,3.47303305e-02,3.59800036e-02,3.73268873e-02,3.87742078e-02
3.26000000e+00,2.00000000e+00,8.50004911e-01,1.00000000e-04,3.44204459e-02,3.56475245e-02,3.69692093e-02,3.83883980e-02
3.27000000e+00,2.00000000e+00,8.17950010e-01,1.00000000e-04,3.41130102e-02,3.53178838e-02,3.66148283e-02,3.80064271e-02
3.28000000e+00,2.00000000e+00,1.36924696e+00,1.00000000e-04,3.38080099e-02,3.49910616e-02,3.62637164e-02,3.76282568e-02
3.29000000e+00,2.00000000e+00,9.95376825e-01,1.00000000e-04,3.35054312e-02,3.46670381e-02,3.59158459e-02,3.72538494e-02
3.30000000e+00,2.00000000e+00,8.69648933e-01,1.00000000e-04,3.32052603e-02,3.43457934e-02,3.55711893e-02,3.68831674e-02
3.31000000e+00,2.00000000e+00,9.51059103e-01,1.00000000e-04,3.29074834e-02,3.40273079e-02,3.52297192e-02,3.65161738e-02
3.32000000e+00,2.00000000e+00,8.87017965e-01,1.00000000e-04,3.26120867e-02,3.37115618e-02,3.48914085e-02,3.61528318e-02
3.33000000e+00,2.00000000e+00,7.63968945e-01,1.00000000e-04,3.23190564e-02,3.33985355e-02,3.45562303e-02,3.57931051e-02
3.34000000e+00,2.00000000e+00,7.99133062e-01,1.00000000e-04,3.20283786e-02,3.30882096e-02,3.42241577e-02,3.54369577e-02
3.35000000e+00,2.00000000e+00,8.15346956e-01,1.00000000e-04,3.17400394e-02,3.27805645e-02,3.38951642e-02,3.50843541e-02
3.36000000e+00,2.00000000e+00,8.19926977e-01,1.00000000e-04,3.14540250e-02,3.24755808e-02,3.35692233e-02,3.47352589e-02
3.37000000e+00,2.00000000e+00,1.05584598e+00,1.00000000e-04,3.11703216e-02,3.21732391e-02,3.32463088e-02,3.43896373e-02
3.38000000e+00,2.00000000e+00,8.26184988e-01,1.00000000e-04,3.08889152e-02,3.18735203e-02,3.29263948e-02,3.40474547e-02
3.39000000e+00,2.00000000e+00,8.77108812e-01,1.00000000e-04,3.06097919e-02,3.15764052e-02,3.26094553e-02,3.37086769e-02
3.40000000e+00,2.00000000e+00,8.20321798e-01,1.00000000e-04,3.03329379e-02,3.12818745e-02,3.22954647e-02,3.33732700e-02
3.41000000e+00,2.00000000e+00,8.32464933e-01,1.00000000e-04,3.00583393e-02,3.09899093e-02,3.19843975e-02,3.30412004e-02
3.42000000e+00,2.00000000e+00,9.75276947e-01,1.00000000e-04,2.97859822e-02,3.07004906e-02,3.16762284e-02,3.27124349e-02
3.43000000e+00,2.00000000e+00,7.60098219e-01,1.00000000e-04,2.95158527e-02,3.04135995e-02,3.13709322e-02,3.23869408e-02
3.44000000e+00,2.00000000e+00,7.58629084e-01,1.00000000e-04,2.92479370e-02,3.01292173e-02,3.10684842e-02,3.20646853e-02
3.45000000e+00,2.00000000e+00,7.59167910e-01,1.00000000e-04,2.89822210e-02,2.98473251e-02,3.07688594e-02,3.17456364e-02
3.46000000e+00,2.00000000e+00,7.68239975e-01,1.00000000e-04,2.87186911e-02,2.95679043e-02,3.04720333e-02,3.14297620e-02
3.47000000e+00,2.00000000e+00,7.56953955e-01,1.00000000e-04,2.84573334e-02,2.92909364e-02,3.01779815e-02,3.11170307e-02
3.48000000e+00,2.00000000e+00,7.54355192e-01,1.00000000e-04,2.81981340e-02,2.90164028e-02,2.98866798e-02,3.08074110e-02
3.49000000e+00,2.00000000e+00,9.48457956e-01,1.00000000e-04,2.79410790e-02,2.87442852e-02,2.95981042e-02,3.05008722e-02
3.50000000e+00,2.00000000e+00,9.52937126e-01,1.00000000e-04,2.76861547e-02,2.84745653e-02,2.93122308e-02,3.01973834e-02
3.51000000e+00,2.00000000e+00,8.00029993e-01,1.00000000e-04,2.74333474e-02,2.82072247e-02,2.90290358e-02,2.98969144e-02
3.52000000e+00,2.00000000e+00,8.60366106e-01,1.00000000e-04,2.71826431e-02,2.79422453e-02,2.87484959e-02,2.95994352e-02
3.53000000e+00,2.00000000e+00,9.10835981e-01,1.00000000e-04,2.69340282e-02,2.76796091e-02,2.84705877e-02,2.93049159e-02
3.54000000e+00,2.00000000e+00,8.04294109e-01,1.00000000e-04,2.66874889e-02,2.74192981e-02,2.81952880e-02,2.90133271e-02
3.55000000e+00,2.00000000e+00,9.59503889e-01,1.00000000e-04,2.64430115e-02,2.71612943e-02,2.79225738e-02,2.87246397e-02
3.56000000e+00,2.00000000e+00,9.06500101e-01,1.00000000e-04,2.62005823e-02,2.69055800e-02,2.76524223e-02,2.84388247e-02
3.57000000e+00,2.00000000e+00,8.63551855e-01,1.00000000e-04,2.59601877e-02,2.66521375e-02,2.73848110e-02,2.81558537e-02
3.58000000e+00,2.00000000e+00,9.83040094e-01,1.00000000e-04,2.57218140e-02,2.64009491e-02,2.71197172e-02,2.78756983e-02
3.59000000e+00,2.00000000e+00,1.27785802e+00,1.00000000e-04,2.54854476e-02,2.61519972e-02,2.68571188e-02,2.75983304e-02
3.60000000e+00,2.00000000e+00,1.21037698e+00,1.00000000e-04,2.52510749e-02,2.59052644e-02,2.65969936e-02,2.73237224e-02
3.61000000e+00,2.00000000e+00,1.32570195e+00,1.00000000e-04,2.50186824e-02,2.56607334e-02,2.63393196e-02,2.70518469e-02
3.62000000e+00,2.00000000e+00,1.94059801e+00,1.00000000e-04,2.47882566e-02,2.54183868e-02,2.60840751e-02,2.67826765e-02
3.63000000e+00,2.00000000e+00,1.19076681e+00,1.00000000e-04,2.45597840e-02,2.51782075e-02,2.58312385e-02,2.65161844e-02
3.64000000e+00,2.00000000e+00,1.24595809e+00,1.00000000e-04,2.43332511e-02,2.49401784e-02,2.55807883e-02,2.62523440e-02
3.65000000e+00,2.00000000e+00,1.19874883e+00,1.00000000e-04,2.41086445e-02,2.47042825e-02,2.53327032e-02,2.59911288e-02
3.66000000e+00,2.00000000e+00,1.16396618e+00,1.00000000e-04,2.38859509e-02,2.44705028e-02,2.50869622e-02,2.57325127e-02
3.67000000e+00,2.00000000e+00,1.51802897e+00,1.00000000e-04,2.36651569e-02,2.42388226e-02,2.48435441e-02,2.54764699e-02
3.68000000e+00,2.00000000e+00,1.31201100e+00,1.00000000e-04,2.34462491e-02,2.40092251e-02,2.46024284e-02,2.52229748e-02
3.69000000e+00,2.00000000e+00,1.30653691e+00,1.00000000e-04,2.32292144e-02,2.37816937e-02,2.43635943e-02,2.49720020e-02
3.70000000e+00,2.00000000e+00,1.18573904e+00,1.00000000e-04,2.30140395e-02,2.35562118e-02,2.41270214e-02,2.47235265e-02
3.71000000e+00,2.00000000e+00,1.21849012e+00,1.00000000e-04,2.28007112e-02,2.33327631e-02,2.38926894e-02,2.44775233e-02
3.72000000e+00,2.00000000e+00,1.13348198e+00,1.00000000e-04,2.25892164e-02,2.31113310e-02,2.36605782e-02,2.42339678e-02
3.73000000e+00,2.00000000e+00,1.35842490e+00,1.00000000e-04,2.23795420e-02,2.28918995e-02,2.34306677e-02,2.39928358e-02
3.74000000e+00,2.00000000e+00,9.12666082e-01,1.00000000e-04,2.21716749e-02,2.26744523e-02,2.32029381e-02,2.37541031e-02
3.75000000e+00,2.00000000e+00,8.53506088e-01,1.00000000e-04,2.19656021e-02,2.24589734e-02,2.29773699e-02,2.35177459e-02
3.76000000e+00,2.00000000e+00,1.05692101e+00,1.00000000e-04,2.17613107e-02,2.22454468e-02,2.27539435e-02,2.32837404e-02
3.77000000e+00,2.00000000e+00,1.17998695e+00,1.00000000e-04,2.15587878e-02,2.20338565e-02,2.25326395e-02,2.30520633e-02
3.78000000e+00,2.00000000e+00,1.20272303e+00,1.00000000e-04,2.13580204e-02,2.18241869e-02,2.23134387e-02,2.28226914e-02
3.79000000e+00,2.00000000e+00,8.54365826e-01,1.00000000e-04,2.11589958e-02,2.16164222e-02,2.20963222e-02,2.25956019e-02
3.80000000e+00,2.00000000e+00,8.44959021e-01,1.00000000e-04,2.09617012e-02,2.14105468e-02,2.18812709e-02,2.23707719e-02
3.81000000e+00,2.00000000e+00,1.54719210e+00,1.00000000e-04,2.07661238e-02,2.12065453e-02,2.16682663e-02,2.21481790e-02
3.82000000e+00,2.00000000e+00,1.44552803e+00,1.00000000e-04,2.05722510e-02,2.10044021e-02,2.14572897e-02,2.19278009e-02
3.83000000e+00,2.00000000e+00,1.24015188e+00,1.00000000e-04,2.03800702e-02,2.08041021e-02,2.12483227e-02,2.17096156e-02
3.84000000e+00,2.00000000e+00,1.08993411e+00,1.00000000e-04,2.01895688e-02,2.06056300e-02,2.10413470e-02,2.14936013e-02
3.85000000e+00,2.00000000e+00,9.42492962e-01,1.00000000e-04,2.00007343e-02,2.04089707e-02,2.08363445e-02,2.12797364e-02
3.86000000e+00,2.00000000e+00,1.10106993e+00,1.00000000e-04,1.98135542e-02,2.02141091e-02,2.06332972e-02,2.10679995e-02
3.87000000e+00,2.00000000e+00,1.25589013e+00,1.00000000e-04,1.96280161e-02,2.00210304e-02,2.04321873e-02,2.08583694e-02
3.88000000e+00,2.00000000e+00,9.20079947e-01,1.00000000e-04,1.94441076e-02,1.98297196e-02,2.02329971e-02,2.06508252e-02
3.89000000e+00,2.00000000e+00,9.01886940e-01,1.00000000e-04,1.92618165e-02,1.96401621e-02,2.00357090e-02,2.04453460e-02
3.90000000e+00,2.00000000e+00,8.84711981e-01,1.00000000e-04,1.90811305e-02,1.94523433e-02,1.98403057e-02,2.02419114e-02
3.91000000e+00,2.00000000e+00,8.36952925e-01,1.00000000e-04,1.89020375e-02,1.92662484e-02,1.96467699e-02,2.00405011e-02
3.92000000e+00,2.00000000e+00,7.58328915e-01,1.00000000e-04,1.87245252e-02,1.90818632e-02,1.94550846e-02,1.98410947e-02
3.93000000e+00,2.00000000e+00,1.28454208e+00,1.00000000e-04,1.85485815e-02,1.88991732e-02,1.92652326e-02,1.96436726e-02
3.94000000e+00,2.00000000e+00,1.14006495e+00,1.00000000e-04,1.83741946e-02,1.87181643e-02,1.90771973e-02,1.94482147e-02
3.95000000e+00,2.00000000e+00,1.10602307e+00,1.00000000e-04,1.82013524e-02,1.85388221e-02,1.88909619e-02,1.92547018e-02
3.96000000e+00,2.00000000e+00,1.03470111e+00,1.00000000e-04,1.80300430e-02,1.83611327e-02,1.87065100e-02,1.90631143e-02
3.97000000e+00,2.00000000e+00,9.28140879e-01,1.00000000e-04,1.78602545e-02,1.81850821e-02,1.85238250e-02,1.88734331e-02
3.98000000e+00,2.00000000e+00,8.32713127e-01,1.00000000e-04,1.76919752e-02,1.80106563e-02,1.83428907e-02,1.86856393e-02
3.99000000e+00,2.00000000e+00,9.53473806e-01,1.00000000e-04,1.75251934e-02,1.78378416e-02,1.81636910e-02,1.84997141e-02
4.00000000e+00,2.00000000e+00,9.73779917e-01,1.00000000e-04,1.73598973e-02,1.76666243e-02,1.79862100e-02,1.83156389e-02
4.01000000e+00,2.00000000e+00,8.23152065e-01,1.00000000e-04,1.71960754e-02,1.74969909e-02,1.78104316e-02,1.81333952e-02
4.02000000e+00,2.00000000e+00,7.72904158e-01,1.00000000e-04,1.70337161e-02,1.73289276e-02,1.76363403e-02,1.79529649e-02
4.03000000e+00,2.00000000e+00,7.69035101e-01,1.00000000e-04,1.68728079e-02,1.71624213e-02,1.74639205e-02,1.77743300e-02
4.04000000e+00,2.00000000e+00,7.77195930e-01,1.00000000e-04,1.67133394e-02,1.69974585e-02,1.72931566e-02,1.75974724e-02
4.05000000e+00,2.00000000e+00,8.80357981e-01,1.00000000e-04,1.65552992e-02,1.68340260e-02,1.71240333e-02,1.74223746e-02
4.06000000e+00,2.00000000e+00,9.92655039e-01,1.00000000e-04,1.63986760e-02,1.66721107e-02,1.69565355e-02,1.72490191e-02
4.07000000e+00,2.00000000e+00,8.34697962e-01,1.00000000e-04,1.62434585e-02,1.65116995e-02,1.67906481e-02,1.70773885e-02
4.08000000e+00,2.00000000e+00,8.35469007e-01,1.00000000e-04,1.60896357e-02,1.63527794e-02,1.66263561e-02,1.69074657e-02
4.09000000e+00,2.00000000e+00,7.53657818e-01,1.00000000e-04,1.59371963e-02,1.61953377e-02,1.64636448e-02,1.67392336e-02
4.10000000e+00,2.00000000e+00,7.74849892e-01,1.00000000e-04,1.57861293e-02,1.60393616e-02,1.63024994e-02,1.65726754e-02
4.11000000e+00,2.00000000e+00,7.64991045e-01,1.00000000e-04,1.56364237e-02,1.58848383e-02,1.61429054e-02,1.64077745e-02
4.12000000e+00,2.00000000e+00,8.83999825e-01,1.00000000e-04,1.54880685e-02,1.57317552e-02,1.59848483e-02,1.62445144e-02
4.13000000e+00,2.00000000e+00,9.17803049e-01,1.00000000e-04,1.53410530e-02,1.55801000e-02,1.58283140e-02,1.60828788e-02
4.14000000e+00,2.00000000e+00,7.65223026e-01,1.00000000e-04,1.51953662e-02,1.54298601e-02,1.56732881e-02,1.59228515e-02
4.15000000e+00,2.00000000e+00,7.59670019e-01,1.00000000e-04,1.50509974e-02,1.52810233e-02,1.55197566e-02,1.57644165e-02
4.16000000e+00,2.00000000e+00,7.61000872e-01,1.00000000e-04,1.49079360e-02,1.51335774e-02,1.53677056e-02,1.56075579e-02
4.17000000e+00,2.00000000e+00,7.50471115e-01,1.00000000e-04,1.47661713e-02,1.49875101e-02,1.52171212e-02,1.54522601e-02
4.18000000e+00,2.00000000e+00,7.72222042e-01,1.00000000e-04,1.46256928e-02,1.48428095e-02,1.50679898e-02,1.52985076e-02
4.19000000e+00,2.00000000e+00,7.64576912e-01,1.00000000e-04,1.44864900e-02,1.46994636e-02,1.49202978e-02,1.51462849e-02
4.20000000e+00,2.00000000e+00,7.69261122e-01,1.00000000e-04,1.43485523e-02,1.45574606e-02,1.47740317e-02,1.49955768e-02
4.21000000e+00,2.00000000e+00,7.53499985e-01,1.00000000e-04,1.42118696e-02,1.44167886e-02,1.46291782e-02,1.48463683e-02
4.22000000e+00,2.00000000e+00,7.62768030e-01,1.00000000e-04,1.40764314e-02,1.42774359e-02,1.44857240e-02,1.46986445e-02
4.23000000e+00,2.00000000e+00,7.95481920e-01,1.00000000e-04,1.39422275e-02,1.41393910e-02,1.43436561e-02,1.45523905e-02
4.24000000e+00,2.00000000e+00,8.20271015e-01,1.00000000e-04,1.38092478e-02,1.40026423e-02,1.42029614e-02,1.44075918e-02
4.25000000e+00,2.00000000e+00,8.91179085e-01,1.00000000e-04,1.36774821e-02,1.38671785e-02,1.40636270e-02,1.42642339e-02
4.26000000e+00,2.00000000e+00,8.32672119e-01,1.00000000e-04,1.35469204e-02,1.37329881e-02,1.39256403e-02,1.41223024e-02
4.27000000e+00,2.00000000e+00,8.37579966e-01,1.00000000e-04,1.34175526e-02,1.36000599e-02,1.37889885e-02,1.39817832e-02
4.28000000e+00,2.00000000e+00,7.61752129e-01,1.00000000e-04,1.32893690e-02,1.34683828e-02,1.36536591e-02,1.38426621e-02
4.29000000e+00,2.00000000e+00,7.81796217e-01,1.00000000e-04,1.31623595e-02,1.33379455e-02,1.35196396e-02,1.37049253e-02
4.30000000e+00,2.00000000e+00,8.57641935e-01,1.00000000e-04,1.30365144e-02,1.32087373e-02,1.33869178e-02,1.35685590e-02
4.31000000e+00,2.00000000e+00,7.96864033e-01,1.00000000e-04,1.29118241e-02,1.30807470e-02,1.32554814e-02,1.34335496e-02
4.32000000e+00,2.00000000e+00,7.90206194e-01,1.00000000e-04,1.27882787e-02,1.29539640e-02,1.31253183e-02,1.32998835e-02
4.33000000e+00,2.00000000e+00,7.86209822e-01,1.00000000e-04,1.26658687e-02,1.28283774e-02,1.29964166e-02,1.31675475e-02
4.34000000e+00,2.00000000e+00,7.90925980e-01,1.00000000e-04,1.25445846e-02,1.27039766e-02,1.28687642e-02,1.30365282e-02
4.35000000e+00,2.00000000e+00,7.55340099e-01,1.00000000e-04,1.24244168e-02,1.25807510e-02,1.27423495e-02,1.29068126e-02
4.36000000e+00,2.00000000e+00,7.83892870e-01,1.00000000e-04,1.23053560e-02,1.24586900e-02,1.26171607e-02,1.27783876e-02
4.37000000e+00,2.00000000e+00,7.67781973e-01,1.00000000e-04,1.21873928e-02,1.23377834e-02,1.24931863e-02,1.26512406e-02
4.38000000e+00,2.00000000e+00,7.68984079e-01,1.00000000e-04,1.20705179e-02,1.22180207e-02,1.23704147e-02,1.25253586e-02
4.39000000e+00,2.00000000e+00,7.63921022e-01,1.00000000e-04,1.19547221e-02,1.20993916e-02,1.22488347e-02,1.24007292e-02
4.40000000e+00,2.00000000e+00,8.57230186e-01,1.00000000e-04,1.18399963e-02,1.19818861e-02,1.21284350e-02,1.22773399e-02
4.41000000e+00,2.00000000e+00,7.82358885e-01,1.00000000e-04,1.17263312e-02,1.18654940e-02,1.20092043e-02,1.21551783e-02
4.42000000e+00,2.00000000e+00,9.15005922e-01,1.00000000e-04,1.16137179e-02,1.17502054e-02,1.18911316e-02,1.20342323e-02
4.43000000e+00,2.00000000e+00,1.12972498e+00,1.00000000e-04,1.15021474e-02,1.16360102e-02,1.17742060e-02,1.19144897e-02
4.44000000e+00,2.00000000e+00,9.50782061e-01,1.00000000e-04,1.13916108e-02,1.15228986e-02,1.16584166e-02,1.17959385e-02
4.45000000e+00,2.00000000e+00,8.05655956e-01,1.00000000e-04,1.12820991e-02,1.14108608e-02,1.15437525e-02,1.16785670e-02
4.46000000e+00,2.00000000e+00,1.38332200e+00,1.00000000e-04,1.11736038e-02,1.12998872e-02,1.14302031e-02,1.15623633e-02
4.47000000e+00,2.00000000e+00,8.09907913e-01,1.00000000e-04,1.10661159e-02,1.11899681e-02,1.13177579e-02,1.14473159e-02
4.48000000e+00,2.00000000e+00,7.65304089e-01,1.00000000e-04,1.09596269e-02,1.10810940e-02,1.12064063e-02,1.13334132e-02
4.49000000e+00,2.00000000e+00,8.02286863e-01,1.00000000e-04,1.08541281e-02,1.09732555e-02,1.10961380e-02,1.12206438e-02
4.50000000e+00,2.00000000e+00,8.28344822e-01,1.00000000e-04,1.07496109e-02,1.08664430e-02,1.09869426e-02,1.11089965e-02
4.51000000e+00,2.00000000e+00,7.63629913e-01,1.00000000e-04,1.06460670e-02,1.07606474e-02,1.08788100e-02,1.09984602e-02
4.52000000e+00,2.00000000e+00,8.88632059e-01,1.00000000e-04,1.05434878e-02,1.06558594e-02,1.07717300e-02,1.08890237e-02
4.53000000e+00,2.00000000e+00,8.49784851e-01,1.00000000e-04,1.04418650e-02,1.05520698e-02,1.06656927e-02,1.07806761e-02
4.54000000e+00,2.00000000e+00,7.85058975e-01,1.00000000e-04,1.03411904e-02,1.04492695e-02,1.05606880e-02,1.06734066e-02
4.55000000e+00,2.00000000e+00,8.91415119e-01,1.00000000e-04,1.02414556e-02,1.03474495e-02,1.04567062e-02,1.05672044e-02
4.56000000e+00,2.00000000e+00,8.06823969e-01,1.00000000e-04,1.01426524e-02,1.02466009e-02,1.03537375e-02,1.04620589e-02
4.57000000e+00,2.00000000e+00,8.18397045e-01,1.00000000e-04,1.00447728e-02,1.01467149e-02,1.02517723e-02,1.03579597e-02
4.58000000e+00,2.00000000e+00,7.74030924e-01,1.00000000e-04,9.94780875e-03,1.00477826e-02,1.01508009e-02,1.02548963e-02
4.59000000e+00,2.00000000e+00,7.89798975e-01,1.00000000e-04,9.85175215e-03,9.94979526e-03,1.00508139e-02,1.01528584e-02
4.60000000e+00,2.00000000e+00,7.40474224e-01,1.00000000e-04,9.75659509e-03,9.85274432e-03,9.95180187e-03,1.00518357e-02
4.61000000e+00,2.00000000e+00,7.81465054e-01,1.00000000e-04,9.66232968e-03,9.75662117e-03,9.85375552e-03,9.95181831e-03
4.62000000e+00,2.00000000e+00,7.84507036e-01,1.00000000e-04,9.56894811e-03,9.66141731e-03,9.75666562e-03,9.85279606e-03
4.63000000e+00,2.00000000e+00,8.14620972e-01,1.00000000e-04,9.47644259e-03,9.56712430e-03,9.66052303e-03,9.75475910e-03
4.64000000e+00,2.00000000e+00,7.98352957e-01,1.00000000e-04,9.38480542e-03,9.47373379e-03,9.56531867e-03,9.65769763e-03
4.65000000e+00,2.00000000e+00,1.93099880e+00,1.00000000e-04,9.29402896e-03,9.38123747e-03,9.47104358e-03,9.56160193e-03
4.66000000e+00,2.00000000e+00,9.15378094e-01,1.00000000e-04,9.20410559e-03,9.28962714e-03,9.37768886e-03,9.46646240e-03
4.67000000e+00,2.00000000e+00,8.85265112e-01,1.00000000e-04,9.11502779e-03,9.19889463e-03,9.28524570e-03,9.37226953e-03
4.68000000e+00,2.00000000e+00,1.30538106e+00,1.00000000e-04,9.02678809e-03,9.10903185e-03,9.19370537e-03,9.27901389e-03
4.69000000e+00,2.00000000e+00,1.15760994e+00,1.00000000e-04,8.93937904e-03,9.02003080e-03,9.10305921e-03,9.18668616e-03
4.70000000e+00,2.00000000e+00,8.29246044e-01,1.00000000e-04,8.85279330e-03,8.93188352e-03,9.01329865e-03,9.09527710e-03
4.71000000e+00,2.00000000e+00,7.52906084e-01,1.00000000e-04,8.76702355e-03,8.84458213e-03,8.92441521e-03,9.00477758e-03
4.72000000e+00,2.00000000e+00,8.35390902e+00,1.00000000e-04,8.68206254e-03,8.75811882e-03,8.83640046e-03,8.91517855e-03
4.73000000e+00,2.00000000e+00,8.74953032e-01,1.00000000e-04,8.59790306e-03,8.67248583e-03,8.74924607e-03,8.82647104e-03
4.74000000e+00,2.00000000e+00,8.54493856e-01,1.00000000e-04,8.51453799e-03,8.58767548e-03,8.66294378e-03,8.73864618e-03
4.75000000e+00,2.00000000e+00,7.42660046e-01,1.00000000e-04,8.43196024e-03,8.50368015e-03,8.57748541e-03,8.65169520e-03
4.76000000e+00,2.00000000e+00,7.53504038e-01,1.00000000e-04,8.35016277e-03,8.42049230e-03,8.49286285e-03,8.56560940e-03
4.77000000e+00,2.00000000e+00,7.27724075e-01,1.00000000e-04,8.26913861e-03,8.33810443e-03,8.40906807e-03,8.48038016e-03
4.78000000e+00,2.00000000e+00,7.42184162e-01,1.00000000e-04,8.18888084e-03,8.25650912e-03,8.32609310e-03,8.39599897e-03
4.79000000e+00,2.00000000e+00,8.05963039e-01,1.00000000e-04,8.10938259e-03,8.17569901e-03,8.24393006e-03,8.31245738e-03
4.80000000e+00,2.00000000e+00,7.71955967e-01,1.00000000e-04,8.03063705e-03,8.09566680e-03,8.16257115e-03,8.22974705e-03
4.81000000e+00,2.00000000e+00,7.65285015e-01,1.00000000e-04,7.95263747e-03,8.01640526e-03,8.08200862e-03,8.14785970e-03
4.82000000e+00,2.00000000e+00,8.34098101e-01,1.00000000e-04,7.87537713e-03,7.93790721e-03,8.00223481e-03,8.06678714e-03
4.83000000e+00,2.00000000e+00,7.68808842e-01,1.00000000e-04,7.79884939e-03,7.86016555e-03,7.92324212e-03,7.98652127e-03
4.84000000e+00,2.00000000e+00,7.99735069e-01,1.00000000e-04,7.72304765e-03,7.78317322e-03,7.84502303e-03,7.90705405e-03
4.85000000e+00,2.00000000e+00,7.55039930e-01,1.00000000e-04,7.64796536e-03,7.70692324e-03,7.76757008e-03,7.82837755e-03
4.86000000e+00,2.00000000e+00,7.75669098e-01,1.00000000e-04,7.57359603e-03,7.63140868e-03,7.69087588e-03,7.75048389e-03
4.87000000e+00,2.00000000e+00,7.66194820e-01,1.00000000e-04,7.49993322e-03,7.55662267e-03,7.61493312e-03,7.67336529e-03
4.88000000e+00,2.00000000e+00,8.12855959e-01,1.00000000e-04,7.42697053e-03,7.48255841e-03,7.53973456e-03,7.59701403e-03
4.89000000e+00,2.00000000e+00,7.37100124e-01,1.00000000e-04,7.35470164e-03,7.40920914e-03,7.46527300e-03,7.52142247e-03
4.90000000e+00,2.00000000e+00,7.46629953e-01,1.00000000e-04,7.28312024e-03,7.33656819e-03,7.39154134e-03,7.44658307e-03
4.91000000e+00,2.00000000e+00,7.97523975e-01,1.00000000e-04,7.21222012e-03,7.26462891e-03,7.31853254e-03,7.37248833e-03
4.92000000e+00,2.00000000e+00,1.00679994e+00,1.00000000e-04,7.14199507e-03,7.19338473e-03,7.24623960e-03,7.29913085e-03
4.93000000e+00,2.00000000e+00,7.86496878e-01,1.00000000e-04,7.07243898e-03,7.12282915e-03,7.17465561e-03,7.22650328e-03
4.94000000e+00,2.00000000e+00,7.67791986e-01,1.00000000e-04,7.00354575e-03,7.05295570e-03,7.10377372e-03,7.15459837e-03
4.95000000e+00,2.00000000e+00,7.68362045e-01,1.00000000e-04,6.93530934e-03,6.98375798e-03,7.03358715e-03,7.08340893e-03
4.96000000e+00,2.00000000e+00,7.84861088e-01,1.00000000e-04,6.86772378e-03,6.91522964e-03,6.96408918e-03,7.01292783e-03
4.97000000e+00,2.00000000e+00,7.91457176e-01,1.00000000e-04,6.80078312e-03,6.84736440e-03,6.89527313e-03,6.94314803e-03
4.98000000e+00,2.00000000e+00,8.03111076e-01,1.00000000e-04,6.73448149e-03,6.78015602e-03,6.82713242e-03,6.87406256e-03
4.99000000e+00,2.00000000e+00,7.84518003e-01,1.00000000e-04,6.66881303e-03,6.71359832e-03,6.75966051e-03,6.80566449e-03
5.00000000e+00,2.00000000e+00,7.77166128e-01,1.00000000e-04,6.60377196e-03,6.64768519e-03,6.69285092e-03,6.73794700e-03
5.01000000e+00,2.00000000e+00,7.75924921e-01,1.00000000e-04,6.53935254e-03,6.58241054e-03,6.62669725e-03,6.67090331e-03
