1.00000000e-03,1.08256483e+00,1.00000000e+00,3.06479908e-03,4.29438757e+20,-4.07594160e+07,1.52230292e+01,8.50590617e+02,9.25524115e-12,2.78943688e-02,1.95588017e-11,1.27899752e-10,5.45449401e-03,2.21255962e-01,7.82716786e-06,2.70219128e-04,0.00000000e+00,0.00000000e+00,0.00000000e+00,0.00000000e+00
2.00000000e-03,1.07235336e+00,1.00000000e+00,3.06180585e-03,2.21262174e+18,-4.07459535e+07,1.52586982e+01,8.50703760e+02,9.45802318e-12,2.78928379e-02,1.99882608e-11,1.30900747e-10,5.46528708e-03,2.21241202e-01,7.91816009e-06,2.75625825e-04,0.00000000e+00,0.00000000e+00,0.00000000e+00,0.00000000e+00
3.00000000e-03,1.07644320e+00,0.00000000e+00,1.00000000e+00,1.62366699e+20,-4.07321930e+07,1.52974910e+01,8.50819441e+02,9.66522533e-12,2.78912739e-02,2.04271901e-11,1.33964923e-10,5.47633731e-03,2.21226146e-01,8.01032269e-06,2.81104027e-04,0.00000000e+00,0.00000000e+00,0.00000000e+00,0.00000000e+00
4.00000000e-03,1.07340574e+00,0.00000000e+00,1.00000000e+00,5.93559442e+20,-4.07181274e+07,1.53397248e+01,8.50937713e+02,9.87690506e-12,2.78896762e-02,2.08757322e-11,1.37094164e-10,5.48765035e-03,2.21210787e-01,8.10335299e-06,2.86654908e-04,0.00000000e+00,0.00000000e+00,0.00000000e+00,0.00000000e+00
5.00000000e-03,1.08253860e+00,0.00000000e+00,1.00000000e+00,4.37739524e+20,-4.07037504e+07,1.53854253e+01,8.51058633e+02,1.00932024e-11,2.78880440e-02,2.13341940e-11,1.40290373e-10,5.49923199e-03,2.21195119e-01,8.19727427e-06,2.92279459e-04,0.00000000e+00,0.00000000e+00,0.00000000e+00,0.00000000e+00
6.00000000e-03,1.09043121e+00,1.00000000e+00,2.95188687e-03,9.90797419e+19,-4.06890558e+07,1.54346202e+01,8.51182257e+02,1.03142640e-11,2.78863767e-02,2.18028967e-11,1.43555532e-10,5.51108822e-03,2.21179136e-01,8.29211288e-06,2.97978704e-04,0.00000000e+00,0.00000000e+00,0.00000000e+00,0.00000000e+00
7.00000000e-03,1.08576179e+00,0.00000000e+00,1.00000000e+00,5.08599110e+18,-4.06740369e+07,1.54873414e+01,8.51308644e+02,1.05402431e-11,2.78846734e-02,2.22821764e-11,1.46891711e-10,5.52322521e-03,2.21162831e-01,8.38789612e-06,3.03753698e-04,0.00000000e+00,0.00000000e+00,0.00000000e+00,0.00000000e+00
8.00000000e-03,1.08037543e+00,0.00000000e+00,1.00000000e+00,1.86741417e+19,-4.06586870e+07,1.55436245e+01,8.51437855e+02,1.07712998e-11,2.78829334e-02,2.27723841e-11,1.50301069e-10,5.53564932e-03,2.21146198e-01,8.48465224e-06,3.09605532e-04,0.00000000e+00,0.00000000e+00,0.00000000e+00,0.00000000e+00
9.00000000e-03,1.08624339e+00,0.00000000e+00,1.00000000e+00,5.96842467e+19,-4.06429992e+07,1.56035097e+01,8.51569953e+02,1.10076014e-11,2.78811559e-02,2.32738869e-11,1.53785860e-10,5.54836712e-03,2.21129231e-01,8.58241050e-06,3.15535329e-04,0.00000000e+00,0.00000000e+00,0.00000000e+00,0.00000000e+00
1.00000000e-02,1.08111143e+00,0.00000000e+00,1.00000000e+00,5.10472150e+19,-4.06269662e+07,1.56670410e+01,8.51705002e+02,1.12493229e-11,2.78793400e-02,2.37870691e-11,1.57348439e-10,5.56138536e-03,2.21111921e-01,8.68120121e-06,3.21544253e-04,0.00000000e+00,0.00000000e+00,0.00000000e+00,0.00000000e+00
1.10000000e-02,1.08914828e+00,2.00000000e+00,3.29274027e-06,3.35714121e+20,-4.06105807e+07,1.57342671e+01,8.51843070e+02,1.14966473e-11,2.78774850e-02,2.43123327e-11,1.60991265e-10,5.57471106e-03,2.21094261e-01,8.78105581e-06,3.27633503e-04,0.00000000e+00,0.00000000e+00,0.00000000e+00,0.00000000e+00
1.20000000e-02,1.07926607e+00,1.00000000e+00,2.81325099e-03,7.38281483e+19,-4.05938352e+07,1.58052412e+01,8.51984225e+02,1.17497661e-11,2.78755898e-02,2.48500987e-11,1.64716910e-10,5.58835143e-03,2.21076244e-01,8.88200686e-06,3.33804320e-04,0.00000000e+00,0.00000000e+00,0.00000000e+00,0.00000000e+00
1.30000000e-02,1.07522178e+00,1.00000000e+00,1.18669517e-03,7.36164884e+19,-4.05767216e+07,1.58800213e+01,8.52128539e+02,1.20088798e-11,2.78736537e-02,2.54008081e-11,1.68528063e-10,5.60231394e-03,2.21057862e-01,8.98408817e-06,3.40057985e-04,0.00000000e+00,0.00000000e+00,0.00000000e+00,0.00000000e+00
1.40000000e-02,1.07479811e+00,2.00000000e+00,3.32619490e-06,4.16140117e+19,-4.05592319e+07,1.59586700e+01,8.52276085e+02,1.22741985e-11,2.78716756e-02,2.59649231e-11,1.72427536e-10,5.61660630e-03,2.21039106e-01,9.08733479e-06,3.46395823e-04,0.00000000e+00,0.00000000e+00,0.00000000e+00,0.00000000e+00
1.50000000e-02,1.07895970e+00,0.00000000e+00,1.00000000e+00,8.50941178e+19,-4.05413578e+07,1.60412550e+01,8.52426940e+02,1.25459423e-11,2.78696547e-02,2.65429284e-11,1.76418275e-10,5.63123651e-03,2.21019969e-01,9.19178315e-06,3.52819205e-04,0.00000000e+00,0.00000000e+00,0.00000000e+00,0.00000000e+00
1.60000000e-02,1.07180262e+00,0.00000000e+00,1.00000000e+00,2.23855020e+19,-4.05230906e+07,1.61278495e+01,8.52581183e+02,1.28243419e-11,2.78675898e-02,2.71353325e-11,1.80503361e-10,5.64621281e-03,2.21000442e-01,9.29747105e-06,3.59329547e-04,0.00000000e+00,0.00000000e+00,0.00000000e+00,0.00000000e+00
1.70000000e-02,1.07147408e+00,1.00000000e+00,2.71879683e-03,3.34596516e+18,-4.05044213e+07,1.62185317e+01,8.52738895e+02,1.31096396e-11,2.78654799e-02,2.77426690e-11,1.84686024e-10,5.66154376e-03,2.20980515e-01,9.40443779e-06,3.65928316e-04,0.00000000e+00,0.00000000e+00,0.00000000e+00,0.00000000e+00
1.80000000e-02,1.07555962e+00,1.00000000e+00,2.70197500e-03,2.27710386e+19,-4.04853407e+07,1.63133860e+01,8.52900161e+02,1.34020894e-11,2.78633240e-02,2.83654983e-11,1.88969649e-10,5.67723821e-03,2.20960179e-01,9.51272422e-06,3.72617028e-04,0.00000000e+00,0.00000000e+00,0.00000000e+00,0.00000000e+00
1.90000000e-02,1.08941936e+00,0.00000000e+00,1.00000000e+00,7.99718511e+18,-4.04658392e+07,1.64125022e+01,8.53065068e+02,1.37019580e-11,2.78611210e-02,2.90044093e-11,1.93357784e-10,5.69330533e-03,2.20939425e-01,9.62237280e-06,3.79397253e-04,0.00000000e+00,0.00000000e+00,0.00000000e+00,0.00000000e+00
2.00000000e-02,1.08841395e+00,2.00000000e+00,3.41244664e-06,2.60686327e+19,-4.04459069e+07,1.65159767e+01,8.53233708e+02,1.40095258e-11,2.78588696e-02,2.96600211e-11,1.97854154e-10,5.70975464e-03,2.20918243e-01,9.73342776e-06,3.86270619e-04,0.00000000e+00,0.00000000e+00,0.00000000e+00,0.00000000e+00
2.10000000e-02,1.08903980e+00,1.00000000e+00,2.65536559e-03,5.68583256e+19,-4.04255337e+07,1.66239122e+01,8.53406175e+02,1.43250875e-11,2.78565687e-02,3.03329846e-11,2.02462666e-10,5.72659600e-03,2.20896622e-01,9.84593511e-06,3.93238808e-04,0.00000000e+00,0.00000000e+00,0.00000000e+00,0.00000000e+00
2.20000000e-02,1.08249044e+00,2.00000000e+00,3.44724966e-06,6.96690252e+21,-4.04047088e+07,1.67364184e+01,8.53582566e+02,1.46489529e-11,2.78542169e-02,3.10239853e-11,2.07187426e-10,5.74383963e-03,2.20874551e-01,9.95994277e-06,4.00303567e-04,0.00000000e+00,0.00000000e+00,0.00000000e+00,0.00000000e+00
2.30000000e-02,1.07979441e+00,1.00000000e+00,2.62737218e-03,4.75581848e+20,-4.03834213e+07,1.68536119e+01,8.53762983e+02,1.49814484e-11,2.78518132e-02,3.17337447e-11,2.12032747e-10,5.76149616e-03,2.20852020e-01,1.00755007e-05,4.07466704e-04,0.00000000e+00,0.00000000e+00,0.00000000e+00,0.00000000e+00
2.40000000e-02,1.07847643e+00,1.00000000e+00,2.61426320e-03,2.01774908e+20,-4.03616597e+07,1.69756173e+01,8.53947530e+02,1.53229172e-11,2.78493559e-02,3.24630231e-11,2.17003165e-10,5.77957662e-03,2.20829016e-01,1.01926610e-05,4.14730096e-04,0.00000000e+00,0.00000000e+00,0.00000000e+00,0.00000000e+00
2.50000000e-02,1.07570934e+00,1.00000000e+00,1.34738054e-03,1.58502616e+19,-4.03394124e+07,1.71025666e+01,8.54136318e+02,1.56737215e-11,2.78468439e-02,3.32126224e-11,2.22103449e-10,5.79809248e-03,2.20805528e-01,1.03114779e-05,4.22095687e-04,0.00000000e+00,0.00000000e+00,0.00000000e+00,0.00000000e+00
2.60000000e-02,1.07183766e+00,1.00000000e+00,1.36175751e-03,6.66374906e+19,-4.03166669e+07,1.72346008e+01,8.54329460e+02,1.60342427e-11,2.78442756e-02,3.39833884e-11,2.27338623e-10,5.81705564e-03,2.20781543e-01,1.04320083e-05,4.29565495e-04,0.00000000e+00,0.00000000e+00,0.00000000e+00,0.00000000e+00
2.70000000e-02,1.08526945e+00,1.00000000e+00,2.57836211e-03,3.21275968e+19,-4.02934105e+07,1.73718694e+01,8.54527075e+02,1.64048835e-11,2.78416494e-02,3.47762140e-11,2.32713976e-10,5.83647851e-03,2.20757047e-01,1.05543112e-05,4.37141617e-04,0.00000000e+00,0.00000000e+00,0.00000000e+00,0.00000000e+00
2.80000000e-02,1.07680917e+00,2.00000000e+00,3.57151524e-06,3.34315383e+20,-4.02696300e+07,1.75145314e+01,8.54729285e+02,1.67860688e-11,2.78389640e-02,3.55920425e-11,2.38235084e-10,5.85637398e-03,2.20732029e-01,1.06784486e-05,4.44826229e-04,0.00000000e+00,0.00000000e+00,0.00000000e+00,0.00000000e+00
2.90000000e-02,1.08303618e+00,0.00000000e+00,1.00000000e+00,5.28421221e+19,-4.02453117e+07,1.76627560e+01,8.54936219e+02,1.71782477e-11,2.78362175e-02,3.64318713e-11,2.43907826e-10,5.87675550e-03,2.20706472e-01,1.08044852e-05,4.52621589e-04,0.00000000e+00,0.00000000e+00,0.00000000e+00,0.00000000e+00
3.00000000e-02,1.08208036e+00,0.00000000e+00,1.00000000e+00,1.10455462e+20,-4.02204413e+07,1.78167226e+01,8.55148010e+02,1.75818949e-11,2.78334082e-02,3.72967553e-11,2.49738410e-10,5.89763705e-03,2.20680363e-01,1.09324886e-05,4.60530048e-04,0.00000000e+00,0.00000000e+00,0.00000000e+00,0.00000000e+00
3.10000000e-02,1.07128692e+00,1.00000000e+00,2.53816244e-03,3.42175781e+18,-4.01950038e+07,1.79766224e+01,8.55364798e+02,1.79975125e-11,2.78305345e-02,3.81878115e-11,2.55733387e-10,5.91903323e-03,2.20653687e-01,1.10625298e-05,4.68554049e-04,0.00000000e+00,0.00000000e+00,0.00000000e+00,0.00000000e+00
3.20000000e-02,1.07003689e+00,1.00000000e+00,2.52943366e-03,3.28595210e+20,-4.01689838e+07,1.81426582e+01,8.55586726e+02,1.84256323e-11,2.78275945e-02,3.91062231e-11,2.61899684e-10,5.94095926e-03,2.20626427e-01,1.11946830e-05,4.76696131e-04,0.00000000e+00,0.00000000e+00,0.00000000e+00,0.00000000e+00
3.30000000e-02,1.07046700e+00,1.00000000e+00,2.52122173e-03,1.49575935e+19,-4.01423650e+07,1.83150457e+01,8.55813948e+02,1.88668176e-11,2.78245861e-02,4.00532450e-11,2.68244626e-10,5.96343103e-03,2.20598566e-01,1.13290259e-05,4.84958938e-04,0.00000000e+00,0.00000000e+00,0.00000000e+00,0.00000000e+00
3.40000000e-02,1.07218456e+00,0.00000000e+00,1.00000000e+00,1.79579248e+19,-4.01151308e+07,1.84940143e+01,8.56046621e+02,1.93216658e-11,2.78215075e-02,4.10302083e-11,2.74775966e-10,5.98646514e-03,2.20570088e-01,1.14656402e-05,4.93345225e-04,0.00000000e+00,0.00000000e+00,0.00000000e+00,0.00000000e+00
3.50000000e-02,1.07856607e+00,1.00000000e+00,2.50633034e-03,2.01330649e+20,-4.00872636e+07,1.86798081e+01,8.56284910e+02,1.97908107e-11,2.78183564e-02,4.20385272e-11,2.81501915e-10,6.01007893e-03,2.20540973e-01,1.16046115e-05,5.01857857e-04,0.00000000e+00,0.00000000e+00,0.00000000e+00,0.00000000e+00
3.60000000e-02,1.07488155e+00,0.00000000e+00,1.00000000e+00,7.59170284e+19,-4.00587449e+07,1.88726866e+01,8.56528989e+02,2.02749258e-11,2.78151306e-02,4.30797044e-11,2.88431179e-10,6.03429052e-03,2.20511204e-01,1.17460299e-05,5.10499825e-04,0.00000000e+00,0.00000000e+00,0.00000000e+00,0.00000000e+00
3.70000000e-02,1.07297254e+00,1.00000000e+00,2.49345829e-03,7.35604383e+19,-4.00295558e+07,1.90729262e+01,8.56779037e+02,2.07747268e-11,2.78118280e-02,4.41553387e-11,2.95572991e-10,6.05911891e-03,2.20480760e-01,1.18899898e-05,5.19274245e-04,0.00000000e+00,0.00000000e+00,0.00000000e+00,0.00000000e+00
3.80000000e-02,1.07876182e+00,1.00000000e+00,1.54988812e-03,8.04513608e+19,-3.99996762e+07,1.92808211e+01,8.57035244e+02,2.12909752e-11,2.78084459e-02,4.52671325e-11,3.02937159e-10,6.08458397e-03,2.20449620e-01,1.20365909e-05,5.28184368e-04,0.00000000e+00,0.00000000e+00,0.00000000e+00,0.00000000e+00
3.90000000e-02,1.08297133e+00,1.00000000e+00,2.48258573e-03,4.03309972e+18,-3.99690852e+07,1.94966850e+01,8.57297809e+02,2.18244820e-11,2.78049820e-02,4.64168999e-11,3.10534104e-10,6.11070651e-03,2.20417763e-01,1.21859377e-05,5.37233589e-04,0.00000000e+00,0.00000000e+00,0.00000000e+00,0.00000000e+00
4.00000000e-02,1.07715058e+00,1.00000000e+00,1.58458715e-03,2.78429164e+19,-3.99377609e+07,1.97208522e+01,8.57566939e+02,2.23761116e-11,2.78014335e-02,4.76065765e-11,3.18374911e-10,6.13750839e-03,2.20385166e-01,1.23381407e-05,5.46425454e-04,0.00000000e+00,0.00000000e+00,0.00000000e+00,0.00000000e+00
4.10000000e-02,1.07707572e+00,1.00000000e+00,2.47370322e-03,8.22013903e+20,-3.99056806e+07,1.99536794e+01,8.57842852e+02,2.29467864e-11,2.77977977e-02,4.88382286e-11,3.26471383e-10,6.16501252e-03,2.20351804e-01,1.24933162e-05,5.55763670e-04,0.00000000e+00,0.00000000e+00,0.00000000e+00,0.00000000e+00
4.20000000e-02,1.09135723e+00,1.00000000e+00,1.62044359e-03,5.35339040e+19,-3.98728201e+07,2.01955473e+01,8.58125778e+02,2.35374915e-11,2.77940716e-02,5.01140654e-11,3.34836097e-10,6.19324298e-03,2.20317653e-01,1.26515869e-05,5.65252112e-04,0.00000000e+00,0.00000000e+00,0.00000000e+00,0.00000000e+00
4.30000000e-02,1.07499599e+00,1.00000000e+00,2.46681206e-03,3.74014336e+19,-3.98391543e+07,2.04468628e+01,8.58415956e+02,2.41492800e-11,2.77902521e-02,5.14364505e-11,3.43482471e-10,6.22222507e-03,2.20282686e-01,1.28130826e-05,5.74894836e-04,0.00000000e+00,0.00000000e+00,0.00000000e+00,0.00000000e+00
4.40000000e-02,1.07118464e+00,1.00000000e+00,2.46411670e-03,6.24108378e+19,-3.98046567e+07,2.07080608e+01,8.58713641e+02,2.47832791e-11,2.77863361e-02,5.28079155e-11,3.52424834e-10,6.25198542e-03,2.20246876e-01,1.29779404e-05,5.84696090e-04,0.00000000e+00,0.00000000e+00,0.00000000e+00,0.00000000e+00
4.50000000e-02,1.09038639e+00,0.00000000e+00,1.00000000e+00,6.70087081e+19,-3.97692998e+07,2.09796068e+01,8.59019098e+02,2.54406966e-11,2.77823200e-02,5.42311755e-11,3.61678502e-10,6.28255203e-03,2.20210192e-01,1.31463053e-05,5.94660326e-04,0.00000000e+00,0.00000000e+00,0.00000000e+00,0.00000000e+00
4.60000000e-02,1.07623410e+00,0.00000000e+00,1.00000000e+00,1.22770213e+21,-3.97330542e+07,2.12619994e+01,8.59332607e+02,2.61228279e-11,2.77782004e-02,5.57091452e-11,3.71259867e-10,6.31395446e-03,2.20172606e-01,1.33183309e-05,6.04792211e-04,0.00000000e+00,0.00000000e+00,0.00000000e+00,0.00000000e+00
4.70000000e-02,1.08347654e+00,0.00000000e+00,1.00000000e+00,1.18037446e+21,-3.96958893e+07,2.15557730e+01,8.59654466e+02,2.68310643e-11,2.77739735e-02,5.72449576e-11,3.81186490e-10,6.34622385e-03,2.20134083e-01,1.34941802e-05,6.15096645e-04,0.00000000e+00,0.00000000e+00,0.00000000e+00,0.00000000e+00
4.80000000e-02,1.07727599e+00,1.00000000e+00,2.45840877e-03,1.52138254e+19,-3.96577728e+07,2.18615013e+01,8.59984986e+02,2.75669017e-11,2.77696352e-02,5.88419843e-11,3.91477206e-10,6.37939309e-03,2.20094590e-01,1.36740261e-05,6.25578772e-04,0.00000000e+00,0.00000000e+00,0.00000000e+00,0.00000000e+00
4.90000000e-02,1.08360529e+00,1.00000000e+00,2.45827372e-03,5.23958865e+19,-3.96186706e+07,2.21798004e+01,8.60324498e+02,2.83319507e-11,2.77651813e-02,6.05038584e-11,4.02152245e-10,6.41349692e-03,2.20054091e-01,1.38580521e-05,6.36244002e-04,0.00000000e+00,0.00000000e+00,0.00000000e+00,0.00000000e+00
5.00000000e-02,1.08669114e+00,1.00000000e+00,2.45866797e-03,7.52959656e+19,-3.95785468e+07,2.25113331e+01,8.60673349e+02,2.91279474e-11,2.77606075e-02,6.22345002e-11,4.13233357e-10,6.44857210e-03,2.20012547e-01,1.40464537e-05,6.47098024e-04,0.00000000e+00,0.00000000e+00,0.00000000e+00,0.00000000e+00
5.10000000e-02,1.08031225e+00,1.00000000e+00,2.45959944e-03,3.20983508e+20,-3.95373634e+07,2.28568130e+01,8.61031909e+02,2.99567659e-11,2.77559089e-02,6.40381451e-11,4.24743962e-10,6.48465754e-03,2.19969918e-01,1.42394388e-05,6.58146829e-04,0.00000000e+00,0.00000000e+00,0.00000000e+00,0.00000000e+00
5.20000000e-02,1.08357549e+00,1.00000000e+00,2.46107713e-03,5.50508304e+19,-3.94950803e+07,2.32170092e+01,8.61400570e+02,3.08204321e-11,2.77510805e-02,6.59193760e-11,4.36709307e-10,6.52179451e-03,2.19926162e-01,1.44372291e-05,6.69396728e-04,0.00000000e+00,0.00000000e+00,0.00000000e+00,0.00000000e+00
5.30000000e-02,1.07260776e+00,0.00000000e+00,1.00000000e+00,1.59884182e+20,-3.94516551e+07,2.35927523e+01,8.61779746e+02,3.17211391e-11,2.77461172e-02,6.78831591e-11,4.49156652e-10,6.56002678e-03,2.19881233e-01,1.46400613e-05,6.80854383e-04,0.00000000e+00,0.00000000e+00,0.00000000e+00,0.00000000e+00
5.40000000e-02,1.08190727e+00,1.00000000e+00,1.86600385e-03,5.55526086e+19,-3.94070427e+07,2.39849396e+01,8.62169878e+02,3.26612647e-11,2.77410131e-02,6.99348836e-11,4.62115468e-10,6.59940085e-03,2.19835082e-01,1.48481882e-05,6.92526823e-04,0.00000000e+00,0.00000000e+00,0.00000000e+00,0.00000000e+00
5.50000000e-02,1.08462501e+00,1.00000000e+00,1.88938822e-03,3.83566613e+19,-3.93611954e+07,2.43945428e+01,8.62571435e+02,3.36433909e-11,2.77357625e-02,7.20804080e-11,4.75617672e-10,6.63996618e-03,2.19787659e-01,1.50618803e-05,7.04421480e-04,0.00000000e+00,0.00000000e+00,0.00000000e+00,0.00000000e+00
5.60000000e-02,1.08438945e+00,1.00000000e+00,2.47267020e-03,3.68180091e+19,-3.93140626e+07,2.48226149e+01,8.62984916e+02,3.46703261e-11,2.77303588e-02,7.43261105e-11,4.89697873e-10,6.68177545e-03,2.19738909e-01,1.52814277e-05,7.16546216e-04,0.00000000e+00,0.00000000e+00,0.00000000e+00,0.00000000e+00
5.70000000e-02,1.09393883e+00,1.00000000e+00,1.93784298e-03,1.77659495e+20,-3.92655904e+07,2.52702992e+01,8.63410852e+02,3.57451304e-11,2.77247954e-02,7.66789481e-11,5.04393675e-10,6.72488483e-03,2.19688774e-01,1.55071413e-05,7.28909359e-04,0.00000000e+00,0.00000000e+00,0.00000000e+00,0.00000000e+00
5.80000000e-02,1.09069777e+00,1.00000000e+00,2.48206699e-03,1.12435045e+19,-3.92157214e+07,2.57388390e+01,8.63849811e+02,3.68711435e-11,2.77190649e-02,7.91465218e-11,5.19745992e-10,6.76935427e-03,2.19637193e-01,1.57393554e-05,7.41519740e-04,0.00000000e+00,0.00000000e+00,0.00000000e+00,0.00000000e+00
5.90000000e-02,1.08995056e+00,1.00000000e+00,2.48772363e-03,2.72518989e+19,-3.91643945e+07,2.62295887e+01,8.64302399e+02,3.80520176e-11,2.77131596e-02,8.17371524e-11,5.35799430e-10,6.81524791e-03,2.19584098e-01,1.59784297e-05,7.54386732e-04,0.00000000e+00,0.00000000e+00,0.00000000e+00,0.00000000e+00
6.00000000e-02,1.09134126e+00,1.00000000e+00,2.49404586e-03,1.31566787e+19,-3.91115445e+07,2.67440262e+01,8.64769266e+02,3.92917540e-11,2.77070712e-02,8.44599664e-11,5.52602703e-10,6.86263439e-03,2.19529420e-01,1.62247521e-05,7.67520301e-04,0.00000000e+00,0.00000000e+00,0.00000000e+00,0.00000000e+00
6.10000000e-02,1.09422231e+00,0.00000000e+00,1.00000000e+00,1.33422867e+20,-3.90571015e+07,2.72837671e+01,8.65251108e+02,4.05947453e-11,2.77007909e-02,8.73249942e-11,5.70209118e-10,6.91158734e-03,2.19473083e-01,1.64787413e-05,7.80931053e-04,0.00000000e+00,0.00000000e+00,0.00000000e+00,0.00000000e+00
6.20000000e-02,1.09701324e+00,1.00000000e+00,2.50877950e-03,1.42738876e+20,-3.90009908e+07,2.78505813e+01,8.65748672e+02,4.19658243e-11,2.76943091e-02,9.03432834e-11,5.88677128e-10,6.96218584e-03,2.19415005e-01,1.67408500e-05,7.94630291e-04,0.00000000e+00,0.00000000e+00,0.00000000e+00,0.00000000e+00
6.30000000e-02,1.08811712e+00,1.00000000e+00,2.51724287e-03,1.00920020e+20,-3.89431324e+07,2.84464116e+01,8.66262760e+02,4.34103193e-11,2.76876156e-02,9.35270291e-11,6.08070959e-10,7.01451496e-03,2.19355099e-01,1.70115690e-05,8.08630079e-04,0.00000000e+00,0.00000000e+00,0.00000000e+00,0.00000000e+00
6.40000000e-02,1.09353447e+00,1.00000000e+00,2.52647617e-03,2.04701948e+20,-3.88834402e+07,2.90733951e+01,8.66794240e+02,4.49341188e-11,2.76806993e-02,9.68897244e-11,6.28461347e-10,7.06866638e-03,2.19293270e-01,1.72914311e-05,8.22943313e-04,0.00000000e+00,0.00000000e+00,0.00000000e+00,0.00000000e+00
6.50000000e-02,1.09244251e+00,1.00000000e+00,2.53651221e-03,1.17215373e+19,-3.88218217e+07,2.97338879e+01,8.67344045e+02,4.65437463e-11,2.76735484e-02,1.00446336e-10,6.49926369e-10,7.12473912e-03,2.19229418e-01,1.75810159e-05,8.37583799e-04,0.00000000e+00,0.00000000e+00,0.00000000e+00,0.00000000e+00
6.60000000e-02,1.09860086e+00,1.00000000e+00,2.19038523e-03,1.03953129e+20,-3.87581769e+07,3.04304942e+01,8.67913184e+02,4.82464469e-11,2.76661499e-02,1.04213506e-10,6.72552425e-10,7.18284023e-03,2.19163433e-01,1.78809551e-05,8.52566338e-04,0.00000000e+00,0.00000000e+00,0.00000000e+00,0.00000000e+00
6.70000000e-02,1.11338472e+00,1.00000000e+00,2.55914021e-03,3.63877574e+19,-3.86923982e+07,3.11660991e+01,8.68502753e+02,5.00502888e-11,2.76584898e-02,1.08209792e-10,6.96435368e-10,7.24308580e-03,2.19095196e-01,1.81919389e-05,8.67906832e-04,0.00000000e+00,0.00000000e+00,0.00000000e+00,0.00000000e+00
6.80000000e-02,1.10036969e+00,1.00000000e+00,2.57181544e-03,3.23665098e+19,-3.86243689e+07,3.19439078e+01,8.69113939e+02,5.19642825e-11,2.76505531e-02,1.12455946e-10,7.21681826e-10,7.30560189e-03,2.19024579e-01,1.85147233e-05,8.83622392e-04,0.00000000e+00,0.00000000e+00,0.00000000e+00,0.00000000e+00
6.90000000e-02,1.10625172e+00,0.00000000e+00,1.00000000e+00,2.32348030e+19,-3.85539624e+07,3.27674911e+01,8.69748035e+02,5.39985203e-11,2.76423233e-02,1.16975241e-10,7.48410756e-10,7.37052575e-03,2.18951440e-01,1.88501380e-05,8.99731466e-04,0.00000000e+00,0.00000000e+00,0.00000000e+00,0.00000000e+00
7.00000000e-02,1.10766506e+00,1.00000000e+00,2.32675201e-03,4.56677157e+19,-3.84810413e+07,3.36408384e+01,8.70406450e+02,5.61643419e-11,2.76337824e-02,1.21793866e-10,7.76755270e-10,7.43800713e-03,2.18875628e-01,1.91990961e-05,9.16253986e-04,0.00000000e+00,0.00000000e+00,0.00000000e+00,0.00000000e+00
7.10000000e-02,1.11422038e+00,1.00000000e+00,2.36391019e-03,6.62136388e+19,-3.84054557e+07,3.45684216e+01,8.71090726e+02,5.84745309e-11,2.76249107e-02,1.26941382e-10,8.06864789e-10,7.50820984e-03,2.18796976e-01,1.95626055e-05,9.33211527e-04,0.00000000e+00,0.00000000e+00,0.00000000e+00,0.00000000e+00
7.20000000e-02,1.11569428e+00,0.00000000e+00,1.00000000e+00,1.74884691e+20,-3.83270420e+07,3.55552693e+01,8.71802553e+02,6.09435495e-11,2.76156868e-02,1.32451282e-10,8.38907620e-10,7.58131353e-03,2.18715301e-01,1.99417816e-05,9.50627503e-04,0.00000000e+00,0.00000000e+00,0.00000000e+00,0.00000000e+00
7.30000000e-02,1.12257838e+00,1.00000000e+00,2.44253869e-03,3.36575187e+20,-3.82456209e+07,3.66070566e+01,8.72543786e+02,6.35878194e-11,2.76060870e-02,1.38361656e-10,8.73074011e-10,7.65751578e-03,2.18630402e-01,2.03378627e-05,9.68527381e-04,0.00000000e+00,0.00000000e+00,0.00000000e+00,0.00000000e+00
7.40000000e-02,1.13292694e+00,1.00000000e+00,2.67031284e-03,6.24736762e+19,-3.81609955e+07,3.77302123e+01,8.73316474e+02,6.64260617e-11,2.75960851e-02,1.44715988e-10,9.09579841e-10,7.73703452e-03,2.18542060e-01,2.07522279e-05,9.86938929e-04,0.00000000e+00,0.00000000e+00,0.00000000e+00,0.00000000e+00
7.50000000e-02,1.13151693e+00,0.00000000e+00,1.00000000e+00,1.43332587e+20,-3.80729490e+07,3.89320475e+01,8.74122881e+02,6.94797087e-11,2.75856525e-02,1.51564143e-10,9.48671061e-10,7.82011091e-03,2.18450028e-01,2.11864187e-05,1.00589251e-03,0.00000000e+00,0.00000000e+00,0.00000000e+00,0.00000000e+00
7.60000000e-02,1.13085747e+00,1.00000000e+00,2.57300136e-03,1.26466117e+20,-3.79812417e+07,4.02209131e+01,8.74965518e+02,7.27734067e-11,2.75747570e-02,1.58963555e-10,9.90629096e-10,7.90701268e-03,2.18354037e-01,2.16421641e-05,1.02542142e-03,0.00000000e+00,0.00000000e+00,0.00000000e+00,0.00000000e+00
7.70000000e-02,1.13505411e+00,1.00000000e+00,2.62038743e-03,9.63244945e+19,-3.78856079e+07,4.16063906e+01,8.75847182e+02,7.63356349e-11,2.75633631e-02,1.66980697e-10,1.03577746e-09,7.99803812e-03,2.18253785e-01,2.21214115e-05,1.04556227e-03,0.00000000e+00,0.00000000e+00,0.00000000e+00,0.00000000e+00
7.80000000e-02,1.14837527e+00,0.00000000e+00,1.00000000e+00,2.73174994e+19,-3.77857516e+07,4.30995274e+01,8.76771000e+02,8.01994706e-11,2.75514310e-02,1.75692912e-10,1.08448987e-09,8.09352086e-03,2.18148936e-01,2.26263632e-05,1.06635547e-03,0.00000000e+00,0.00000000e+00,0.00000000e+00,0.00000000e+00
7.90000000e-02,1.15535831e+00,1.00000000e+00,2.72206046e-03,8.35473117e+19,-3.76813423e+07,4.47131283e+01,8.77740481e+02,8.44035443e-11,2.75389161e-02,1.85190686e-10,1.13720039e-09,8.19383562e-03,2.18039113e-01,2.31595211e-05,1.08784578e-03,0.00000000e+00,0.00000000e+00,0.00000000e+00,0.00000000e+00
8.00000000e-02,1.15105844e+00,1.00000000e+00,2.77677990e-03,6.93907734e+19,-3.75720090e+07,4.64621190e+01,8.78759582e+02,8.89932416e-11,2.75257679e-02,1.95580522e-10,1.19441599e-09,8.29940509e-03,2.17923890e-01,2.37237416e-05,1.11008294e-03,0.00000000e+00,0.00000000e+00,0.00000000e+00,0.00000000e+00
8.10000000e-02,1.15932870e+00,1.00000000e+00,2.83442618e-03,2.75958767e+19,-3.74573333e+07,4.83640044e+01,8.79832782e+02,9.40222274e-11,2.75119295e-02,2.06988591e-10,1.25673253e-09,8.41070838e-03,2.17802787e-01,2.43223028e-05,1.13312247e-03,0.00000000e+00,0.00000000e+00,0.00000000e+00,0.00000000e+00
8.20000000e-02,1.17084312e+00,1.00000000e+00,2.88599027e-03,5.28700775e+19,-3.73368415e+07,5.04394499e+01,8.80965183e+02,9.95543998e-11,2.74973360e-02,2.19565417e-10,1.32485502e-09,8.52829140e-03,2.17675257e-01,2.49589883e-05,1.15702662e-03,0.00000000e+00,0.00000000e+00,0.00000000e+00,0.00000000e+00
8.30000000e-02,1.17481470e+00,1.00000000e+00,2.95974261e-03,5.62433476e+19,-3.72099936e+07,5.27130288e+01,8.82162627e+02,1.05666419e-10,2.74819132e-02,2.33491957e-10,1.39962367e-09,8.65277963e-03,2.17540673e-01,2.56381924e-05,1.18186552e-03,0.00000000e+00,0.00000000e+00,0.00000000e+00,0.00000000e+00
8.40000000e-02,1.17620850e+00,0.00000000e+00,1.00000000e+00,6.45797312e+19,-3.70761711e+07,5.52141917e+01,8.83431841e+02,1.12451016e-10,2.74655754e-02,2.48987571e-10,1.48204789e-09,8.78489418e-03,2.17398317e-01,2.63650531e-05,1.20771857e-03,0.00000000e+00,0.00000000e+00,0.00000000e+00,0.00000000e+00
8.50000000e-02,1.18462443e+00,0.00000000e+00,1.00000000e+00,3.81859778e+19,-3.69346603e+07,5.79785391e+01,8.84780631e+02,1.20021385e-10,2.74482235e-02,2.66320607e-10,1.57335082e-09,8.92547202e-03,2.17247352e-01,2.71456227e-05,1.23467620e-03,0.00000000e+00,0.00000000e+00,0.00000000e+00,0.00000000e+00
8.60000000e-02,1.17301750e+00,1.00000000e+00,3.17884152e-03,3.00199714e+19,-3.67846326e+07,6.10495152e+01,8.86218112e+02,1.28517075e-10,2.74297415e-02,2.85822658e-10,1.67502894e-09,9.07549178e-03,2.17086807e-01,2.79870886e-05,1.26284205e-03,0.00000000e+00,0.00000000e+00,0.00000000e+00,0.00000000e+00
8.70000000e-02,1.19049478e+00,1.00000000e+00,3.26230662e-03,1.46697171e+19,-3.66251176e+07,6.44806938e+01,8.87755022e+02,1.38112029e-10,2.74099932e-02,3.07908034e-10,1.78893255e-09,9.23610712e-03,2.16915535e-01,2.88980631e-05,1.29233571e-03,0.00000000e+00,0.00000000e+00,0.00000000e+00,0.00000000e+00
8.80000000e-02,1.18685722e+00,0.00000000e+00,1.00000000e+00,3.13368949e+18,-3.64549694e+07,6.83389131e+01,8.89404123e+02,1.49025726e-10,2.73888162e-02,3.33100819e-10,1.91737643e-09,9.40869050e-03,2.16732177e-01,2.98889697e-05,1.32329624e-03,0.00000000e+00,0.00000000e+00,0.00000000e+00,0.00000000e+00
8.90000000e-02,1.21487045e+00,1.00000000e+00,3.22078728e-03,5.74941767e+19,-3.62728211e+07,7.27086520e+01,8.91180738e+02,1.61538910e-10,2.73660161e-02,3.62073158e-10,2.06329479e-09,9.59489128e-03,2.16535102e-01,3.09725651e-05,1.35588672e-03,0.00000000e+00,0.00000000e+00,0.00000000e+00,0.00000000e+00
9.00000000e-02,1.20480132e+00,0.00000000e+00,1.00000000e+00,7.63220513e+19,-3.60770248e+07,7.76982609e+01,8.93103473e+02,1.76016257e-10,2.73413565e-02,3.95700557e-10,2.23046235e-09,9.79671441e-03,2.16322333e-01,3.21646592e-05,1.39030023e-03,0.00000000e+00,0.00000000e+00,0.00000000e+00,0.00000000e+00
9.10000000e-02,1.21381950e+00,0.00000000e+00,1.00000000e+00,4.82979255e+19,-3.58655682e+07,8.34490350e+01,8.95195214e+02,1.92939800e-10,2.73145468e-02,4.35143657e-10,2.42381721e-09,1.00166288e-02,2.16091440e-01,3.34851255e-05,1.42676783e-03,0.00000000e+00,0.00000000e+00,0.00000000e+00,0.00000000e+00
9.20000000e-02,1.22507000e+00,1.00000000e+00,3.79787457e-03,1.34212052e+19,-3.56359589e+07,9.01487669e+01,8.97484533e+02,2.12959530e-10,2.72852245e-02,4.81972360e-10,2.64994447e-09,1.02577201e-02,2.15839395e-01,3.49593560e-05,1.46556950e-03,0.00000000e+00,0.00000000e+00,0.00000000e+00,0.00000000e+00
9.30000000e-02,1.23260450e+00,1.00000000e+00,3.53899964e-03,2.20858789e+19,-3.53850589e+07,9.80525889e+01,9.00007709e+02,2.36972365e-10,2.72529290e-02,5.38360081e-10,2.91782220e-09,1.05239113e-02,2.15562358e-01,3.66204072e-05,1.50704921e-03,0.00000000e+00,0.00000000e+00,0.00000000e+00,0.00000000e+00
9.40000000e-02,1.25096679e+00,1.00000000e+00,3.64435800e-03,8.80088656e+19,-3.51088395e+07,1.07516134e+02,9.02811731e+02,2.66249744e-10,2.72170644e-02,6.07398607e-10,3.24001214e-09,1.08202904e-02,2.15255364e-01,3.85122677e-05,1.55163659e-03,0.00000000e+00,0.00000000e+00,0.00000000e+00,0.00000000e+00
9.50000000e-02,1.25181723e+00,0.00000000e+00,1.00000000e+00,5.24433118e+18,-3.48020101e+07,1.19050433e+02,9.05958915e+02,3.02652489e-10,2.71768402e-02,6.93629985e-10,3.63463741e-09,1.11536144e-02,2.14911839e-01,4.06950106e-05,1.59987858e-03,0.00000000e+00,0.00000000e+00,0.00000000e+00,0.00000000e+00
9.60000000e-02,1.27118325e+00,1.00000000e+00,3.90366777e-03,6.64374925e+18,-3.44574279e+07,1.33417221e+02,9.09534266e+02,3.49010753e-10,2.71311786e-02,8.03990402e-10,4.12882841e-09,1.15331155e-02,2.14522831e-01,4.32532733e-05,1.65248763e-03,0.00000000e+00,0.00000000e+00,0.00000000e+00,0.00000000e+00
9.70000000e-02,1.29294896e+00,1.00000000e+00,4.06663087e-03,2.48615657e+19,-3.40651193e+07,1.51804198e+02,9.13657844e+02,4.09837172e-10,2.70785577e-02,9.49588458e-10,4.76508418e-09,1.19718554e-02,2.14075724e-01,4.63109509e-05,1.71041779e-03,0.00000000e+00,0.00000000e+00,0.00000000e+00,0.00000000e+00
9.80000000e-02,1.29919863e+00,1.00000000e+00,4.26120271e-03,5.45649356e+18,-3.36105517e+07,1.76171256e+02,9.18506774e+02,4.92768202e-10,2.70167327e-02,1.14931396e-09,5.61389182e-09,1.24891415e-02,2.13551940e-01,5.00583323e-05,1.77499133e-03,0.00000000e+00,0.00000000e+00,0.00000000e+00,0.00000000e+00
9.90000000e-02,1.32234502e+00,1.00000000e+00,4.49905703e-03,2.36522189e+19,-3.30713480e+07,2.10000063e+02,9.24357579e+02,6.11766675e-10,2.69422004e-02,1.43789257e-09,6.80117324e-09,1.31151823e-02,2.12922551e-01,5.48064715e-05,1.84812264e-03,0.00000000e+00,0.00000000e+00,0.00000000e+00,0.00000000e+00
1.00000000e-01,1.33283281e+00,1.00000000e+00,4.79914341e-03,2.42573717e+19,-3.24103737e+07,2.60127534e+02,9.31676270e+02,7.95195281e-10,2.68490589e-02,1.88629347e-09,8.57576232e-09,1.39010162e-02,2.12138929e-01,6.11085475e-05,1.93274735e-03,0.00000000e+00,0.00000000e+00,0.00000000e+00,0.00000000e+00
1.01000000e-01,1.37579608e+00,1.00000000e+00,5.19491427e-03,2.85617549e+19,-3.15589945e+07,3.42073393e+02,9.41339302e+02,1.11014409e-09,2.67262112e-02,2.66357742e-09,1.15066060e-08,1.49429274e-02,2.11109904e-01,7.00749911e-05,2.03373831e-03,0.00000000e+00,0.00000000e+00,0.00000000e+00,0.00000000e+00
1.02000000e-01,1.42414188e+00,0.00000000e+00,1.00000000e+00,4.47610757e+19,-3.03667853e+07,5.00254516e+02,9.55306323e+02,1.75912699e-09,2.65488541e-02,4.28441064e-09,1.72360368e-08,1.64570252e-02,2.09632385e-01,8.44048746e-05,2.16017959e-03,0.00000000e+00,0.00000000e+00,0.00000000e+00,0.00000000e+00
1.03000000e-01,1.43052697e+00,1.00000000e+00,6.63434280e-03,6.03298394e+18,-2.83787546e+07,9.34077060e+02,9.79640391e+02,3.72558418e-09,2.62402674e-02,9.27594507e-09,3.32170711e-08,1.91155846e-02,2.07081059e-01,1.13521066e-04,2.33239273e-03,0.00000000e+00,0.00000000e+00,0.00000000e+00,0.00000000e+00
1.04000000e-01,1.53671288e+00,1.00000000e+00,8.39925236e-03,6.39688944e+18,-2.12684487e+07,7.45693721e+03,1.07218096e+03,4.26357702e-08,2.50680494e-02,1.10884005e-07,2.79235977e-07,2.94151270e-02,1.97541072e-01,2.79591563e-04,2.57859889e-03,0.00000000e+00,0.00000000e+00,0.00000000e+00,0.00000000e+00
1.05000000e-01,1.43384185e+01,0.00000000e+00,1.00000000e+00,9.94151460e+17,-3.21881445e+08,1.29257853e-09,2.77376439e+03,7.97712425e-05,1.39149630e-03,4.82235973e-04,7.86802430e-03,2.37563581e-01,7.48555974e-03,1.00696427e-05,2.13342725e-06,0.00000000e+00,0.00000000e+00,0.00000000e+00,0.00000000e+00
1.06000000e-01,1.90299156e+01,3.00000000e+00,8.83454286e-17,1.08305030e+17,-3.21881445e+08,5.02418470e-09,2.77376439e+03,7.97712425e-05,1.39149630e-03,4.82235973e-04,7.86802430e-03,2.37563581e-01,7.48555974e-03,1.00696427e-05,2.13342725e-06,0.00000000e+00,0.00000000e+00,0.00000000e+00,0.00000000e+00
1.07000000e-01+0.j,1.53588772e+01+0.j,3.00000000e+00+0.j,9.18126335e-17+0.j,1.72273320e+17+0.j,-3.21881445e+08+0.j,1.65781102e-08+0.j,2.77376439e+03+0.j,7.97712425e-05+0.j,1.39149630e-03+0.j,4.82235973e-04+0.j,7.86802430e-03+0.j,2.37563581e-01+0.j,7.48555974e-03+0.j,1.00696427e-05+0.j,2.13342725e-06+0.j,0.00000000e+00+0.j,0.00000000e+00+0.j,0.00000000e+00+0.j,0.00000000e+00+0.j
1.08000000e-01,2.47423706e+01,2.00000000e+00,4.06378099e-15,1.96304571e+17,-3.21881445e+08,2.72760464e-08,2.77376439e+03,7.97712425e-05,1.39149630e-03,4.82235973e-04,7.86802430e-03,2.37563581e-01,7.48555974e-03,1.00696427e-05,2.13342725e-06,0.00000000e+00,0.00000000e+00,0.00000000e+00,0.00000000e+00
1.09000000e-01+0.j,2.49253523e+01+0.j,2.00000000e+00+0.j,6.68615888e-15+0.j,7.53264734e+17+0.j,-3.21881445e+08+0.j,1.03124407e-08+0.j,2.77376439e+03+0.j,7.97712425e-05+0.j,1.39149630e-03+0.j,4.82235973e-04+0.j,7.86802430e-03+0.j,2.37563581e-01+0.j,7.48555974e-03+0.j,1.00696427e-05+0.j,2.13342725e-06+0.j,0.00000000e+00+0.j,0.00000000e+00+0.j,0.00000000e+00+0.j,0.00000000e+00+0.j
1.10000000e-01,1.55561085e+01,3.00000000e+00,1.00477552e-16,9.03704047e+17,-3.21881445e+08,1.46150292e-09,2.77376439e+03,7.97712425e-05,1.39149630e-03,4.82235973e-04,7.86802430e-03,2.37563581e-01,7.48555974e-03,1.00696427e-05,2.13342725e-06,0.00000000e+00,0.00000000e+00,0.00000000e+00,0.00000000e+00
1.11000000e-01+0.j,3.42046909e+01+0.j,2.00000000e+00+0.j,3.58257227e-16+0.j,4.19957097e+17+0.j,-3.21881445e+08+0.j,3.14500247e-09+0.j,2.77376439e+03+0.j,7.97712425e-05+0.j,1.39149630e-03+0.j,4.82235973e-04+0.j,7.86802430e-03+0.j,2.37563581e-01+0.j,7.48555974e-03+0.j,1.00696427e-05+0.j,2.13342725e-06+0.j,0.00000000e+00+0.j,0.00000000e+00+0.j,0.00000000e+00+0.j,0.00000000e+00+0.j
1.12000000e-01+0.j,3.45671453e+01+0.j,1.00000000e+00+0.j,4.88093741e-15+0.j,4.19957097e+17+0.j,-3.21881445e+08+0.j,3.14500247e-09+0.j,2.77376439e+03+0.j,7.97712425e-05+0.j,1.39149630e-03+0.j,4.82235973e-04+0.j,7.86802430e-03+0.j,2.37563581e-01+0.j,7.48555974e-03+0.j,1.00696427e-05+0.j,2.13342725e-06+0.j,0.00000000e+00+0.j,0.00000000e+00+0.j,0.00000000e+00+0.j,0.00000000e+00+0.j
1.13000000e-01+0.j,3.44552932e+01+0.j,1.00000000e+00+0.j,4.88093741e-15+0.j,4.19957097e+17+0.j,-3.21881445e+08+0.j,3.14500247e-09+0.j,2.77376439e+03+0.j,7.97712425e-05+0.j,1.39149630e-03+0.j,4.82235973e-04+0.j,7.86802430e-03+0.j,2.37563581e-01+0.j,7.48555974e-03+0.j,1.00696427e-05+0.j,2.13342725e-06+0.j,0.00000000e+00+0.j,0.00000000e+00+0.j,0.00000000e+00+0.j,0.00000000e+00+0.j
1.14000000e-01+0.j,3.44948759e+01+0.j,1.00000000e+00+0.j,4.88093741e-15+0.j,4.19957097e+17+0.j,-3.21881445e+08+0.j,3.14500247e-09+0.j,2.77376439e+03+0.j,7.97712425e-05+0.j,1.39149630e-03+0.j,4.82235973e-04+0.j,7.86802430e-03+0.j,2.37563581e-01+0.j,7.48555974e-03+0.j,1.00696427e-05+0.j,2.13342725e-06+0.j,0.00000000e+00+0.j,0.00000000e+00+0.j,0.00000000e+00+0.j,0.00000000e+00+0.j
1.15000000e-01+0.j,3.44005570e+01+0.j,1.00000000e+00+0.j,4.88093741e-15+0.j,4.19957097e+17+0.j,-3.21881445e+08+0.j,3.14500247e-09+0.j,2.77376439e+03+0.j,7.97712425e-05+0.j,1.39149630e-03+0.j,4.82235973e-04+0.j,7.86802430e-03+0.j,2.37563581e-01+0.j,7.48555974e-03+0.j,1.00696427e-05+0.j,2.13342725e-06+0.j,0.00000000e+00+0.j,0.00000000e+00+0.j,0.00000000e+00+0.j,0.00000000e+00+0.j
1.16000000e-01+0.j,3.44011137e+01+0.j,1.00000000e+00+0.j,4.88093741e-15+0.j,4.19957097e+17+0.j,-3.21881445e+08+0.j,3.14500247e-09+0.j,2.77376439e+03+0.j,7.97712425e-05+0.j,1.39149630e-03+0.j,4.82235973e-04+0.j,7.86802430e-03+0.j,2.37563581e-01+0.j,7.48555974e-03+0.j,1.00696427e-05+0.j,2.13342725e-06+0.j,0.00000000e+00+0.j,0.00000000e+00+0.j,0.00000000e+00+0.j,0.00000000e+00+0.j
1.17000000e-01+0.j,3.52733700e+01+0.j,1.00000000e+00+0.j,4.88093741e-15+0.j,4.19957097e+17+0.j,-3.21881445e+08+0.j,3.14500247e-09+0.j,2.77376439e+03+0.j,7.97712425e-05+0.j,1.39149630e-03+0.j,4.82235973e-04+0.j,7.86802430e-03+0.j,2.37563581e-01+0.j,7.48555974e-03+0.j,1.00696427e-05+0.j,2.13342725e-06+0.j,0.00000000e+00+0.j,0.00000000e+00+0.j,0.00000000e+00+0.j,0.00000000e+00+0.j
1.18000000e-01+0.j,3.47029903e+01+0.j,1.00000000e+00+0.j,4.88093741e-15+0.j,4.19957097e+17+0.j,-3.21881445e+08+0.j,3.14500247e-09+0.j,2.77376439e+03+0.j,7.97712425e-05+0.j,1.39149630e-03+0.j,4.82235973e-04+0.j,7.86802430e-03+0.j,2.37563581e-01+0.j,7.48555974e-03+0.j,1.00696427e-05+0.j,2.13342725e-06+0.j,0.00000000e+00+0.j,0.00000000e+00+0.j,0.00000000e+00+0.j,0.00000000e+00+0.j
1.19000000e-01+0.j,3.42161300e+01+0.j,1.00000000e+00+0.j,4.88093741e-15+0.j,4.19957097e+17+0.j,-3.21881445e+08+0.j,3.14500247e-09+0.j,2.77376439e+03+0.j,7.97712425e-05+0.j,1.39149630e-03+0.j,4.82235973e-04+0.j,7.86802430e-03+0.j,2.37563581e-01+0.j,7.48555974e-03+0.j,1.00696427e-05+0.j,2.13342725e-06+0.j,0.00000000e+00+0.j,0.00000000e+00+0.j,0.00000000e+00+0.j,0.00000000e+00+0.j
1.20000000e-01+0.j,3.41931250e+01+0.j,1.00000000e+00+0.j,4.88093741e-15+0.j,4.19957097e+17+0.j,-3.21881445e+08+0.j,3.14500247e-09+0.j,2.77376439e+03+0.j,7.97712425e-05+0.j,1.39149630e-03+0.j,4.82235973e-04+0.j,7.86802430e-03+0.j,2.37563581e-01+0.j,7.48555974e-03+0.j,1.00696427e-05+0.j,2.13342725e-06+0.j,0.00000000e+00+0.j,0.00000000e+00+0.j,0.00000000e+00+0.j,0.00000000e+00+0.j
1.21000000e-01+0.j,3.42421567e+01+0.j,1.00000000e+00+0.j,4.88093741e-15+0.j,4.19957097e+17+0.j,-3.21881445e+08+0.j,3.14500247e-09+0.j,2.77376439e+03+0.j,7.97712425e-05+0.j,1.39149630e-03+0.j,4.82235973e-04+0.j,7.86802430e-03+0.j,2.37563581e-01+0.j,7.48555974e-03+0.j,1.00696427e-05+0.j,2.13342725e-06+0.j,0.00000000e+00+0.j,0.00000000e+00+0.j,0.00000000e+00+0.j,0.00000000e+00+0.j
1.22000000e-01+0.j,3.41296134e+01+0.j,1.00000000e+00+0.j,4.88093741e-15+0.j,4.19957097e+17+0.j,-3.21881445e+08+0.j,3.14500247e-09+0.j,2.77376439e+03+0.j,7.97712425e-05+0.j,1.39149630e-03+0.j,4.82235973e-04+0.j,7.86802430e-03+0.j,2.37563581e-01+0.j,7.48555974e-03+0.j,1.00696427e-05+0.j,2.13342725e-06+0.j,0.00000000e+00+0.j,0.00000000e+00+0.j,0.00000000e+00+0.j,0.00000000e+00+0.j
1.23000000e-01+0.j,3.43852456e+01+0.j,1.00000000e+00+0.j,4.88093741e-15+0.j,4.19957097e+17+0.j,-3.21881445e+08+0.j,3.14500247e-09+0.j,2.77376439e+03+0.j,7.97712425e-05+0.j,1.39149630e-03+0.j,4.82235973e-04+0.j,7.86802430e-03+0.j,2.37563581e-01+0.j,7.48555974e-03+0.j,1.00696427e-05+0.j,2.13342725e-06+0.j,0.00000000e+00+0.j,0.00000000e+00+0.j,0.00000000e+00+0.j,0.00000000e+00+0.j
1.24000000e-01+0.j,3.43677015e+01+0.j,1.00000000e+00+0.j,4.88093741e-15+0.j,4.19957097e+17+0.j,-3.21881445e+08+0.j,3.14500247e-09+0.j,2.77376439e+03+0.j,7.97712425e-05+0.j,1.39149630e-03+0.j,4.82235973e-04+0.j,7.86802430e-03+0.j,2.37563581e-01+0.j,7.48555974e-03+0.j,1.00696427e-05+0.j,2.13342725e-06+0.j,0.00000000e+00+0.j,0.00000000e+00+0.j,0.00000000e+00+0.j,0.00000000e+00+0.j
1.25000000e-01+0.j,3.39683378e+01+0.j,1.00000000e+00+0.j,4.88093741e-15+0.j,4.19957097e+17+0.j,-3.21881445e+08+0.j,3.14500247e-09+0.j,2.77376439e+03+0.j,7.97712425e-05+0.j,1.39149630e-03+0.j,4.82235973e-04+0.j,7.86802430e-03+0.j,2.37563581e-01+0.j,7.48555974e-03+0.j,1.00696427e-05+0.j,2.13342725e-06+0.j,0.00000000e+00+0.j,0.00000000e+00+0.j,0.00000000e+00+0.j,0.00000000e+00+0.j
1.26000000e-01+0.j,3.41914663e+01+0.j,1.00000000e+00+0.j,4.88093741e-15+0.j,4.19957097e+17+0.j,-3.21881445e+08+0.j,3.14500247e-09+0.j,2.77376439e+03+0.j,7.97712425e-05+0.j,1.39149630e-03+0.j,4.82235973e-04+0.j,7.86802430e-03+0.j,2.37563581e-01+0.j,7.48555974e-03+0.j,1.00696427e-05+0.j,2.13342725e-06+0.j,0.00000000e+00+0.j,0.00000000e+00+0.j,0.00000000e+00+0.j,0.00000000e+00+0.j
1.27000000e-01+0.j,3.40922978e+01+0.j,1.00000000e+00+0.j,4.88093741e-15+0.j,4.19957097e+17+0.j,-3.21881445e+08+0.j,3.14500247e-09+0.j,2.77376439e+03+0.j,7.97712425e-05+0.j,1.39149630e-03+0.j,4.82235973e-04+0.j,7.86802430e-03+0.j,2.37563581e-01+0.j,7.48555974e-03+0.j,1.00696427e-05+0.j,2.13342725e-06+0.j,0.00000000e+00+0.j,0.00000000e+00+0.j,0.00000000e+00+0.j,0.00000000e+00+0.j
1.28000000e-01+0.j,3.42141902e+01+0.j,1.00000000e+00+0.j,4.88093741e-15+0.j,4.19957097e+17+0.j,-3.21881445e+08+0.j,3.14500247e-09+0.j,2.77376439e+03+0.j,7.97712425e-05+0.j,1.39149630e-03+0.j,4.82235973e-04+0.j,7.86802430e-03+0.j,2.37563581e-01+0.j,7.48555974e-03+0.j,1.00696427e-05+0.j,2.13342725e-06+0.j,0.00000000e+00+0.j,0.00000000e+00+0.j,0.00000000e+00+0.j,0.00000000e+00+0.j
1.29000000e-01+0.j,3.39110126e+01+0.j,1.00000000e+00+0.j,4.88093741e-15+0.j,4.19957097e+17+0.j,-3.21881445e+08+0.j,3.14500247e-09+0.j,2.77376439e+03+0.j,7.97712425e-05+0.j,1.39149630e-03+0.j,4.82235973e-04+0.j,7.86802430e-03+0.j,2.37563581e-01+0.j,7.48555974e-03+0.j,1.00696427e-05+0.j,2.13342725e-06+0.j,0.00000000e+00+0.j,0.00000000e+00+0.j,0.00000000e+00+0.j,0.00000000e+00+0.j
1.30000000e-01+0.j,3.43492386e+01+0.j,1.00000000e+00+0.j,4.88093741e-15+0.j,4.19957097e+17+0.j,-3.21881445e+08+0.j,3.14500247e-09+0.j,2.77376439e+03+0.j,7.97712425e-05+0.j,1.39149630e-03+0.j,4.82235973e-04+0.j,7.86802430e-03+0.j,2.37563581e-01+0.j,7.48555974e-03+0.j,1.00696427e-05+0.j,2.13342725e-06+0.j,0.00000000e+00+0.j,0.00000000e+00+0.j,0.00000000e+00+0.j,0.00000000e+00+0.j
1.31000000e-01+0.j,3.40361381e+01+0.j,1.00000000e+00+0.j,4.88093741e-15+0.j,4.19957097e+17+0.j,-3.21881445e+08+0.j,3.14500247e-09+0.j,2.77376439e+03+0.j,7.97712425e-05+0.j,1.39149630e-03+0.j,4.82235973e-04+0.j,7.86802430e-03+0.j,2.37563581e-01+0.j,7.48555974e-03+0.j,1.00696427e-05+0.j,2.13342725e-06+0.j,0.00000000e+00+0.j,0.00000000e+00+0.j,0.00000000e+00+0.j,0.00000000e+00+0.j
1.32000000e-01+0.j,3.40819900e+01+0.j,1.00000000e+00+0.j,4.88093741e-15+0.j,4.19957097e+17+0.j,-3.21881445e+08+0.j,3.14500247e-09+0.j,2.77376439e+03+0.j,7.97712425e-05+0.j,1.39149630e-03+0.j,4.82235973e-04+0.j,7.86802430e-03+0.j,2.37563581e-01+0.j,7.48555974e-03+0.j,1.00696427e-05+0.j,2.13342725e-06+0.j,0.00000000e+00+0.j,0.00000000e+00+0.j,0.00000000e+00+0.j,0.00000000e+00+0.j
1.33000000e-01+0.j,3.42387459e+01+0.j,1.00000000e+00+0.j,4.88093741e-15+0.j,4.19957097e+17+0.j,-3.21881445e+08+0.j,3.14500247e-09+0.j,2.77376439e+03+0.j,7.97712425e-05+0.j,1.39149630e-03+0.j,4.82235973e-04+0.j,7.86802430e-03+0.j,2.37563581e-01+0.j,7.48555974e-03+0.j,1.00696427e-05+0.j,2.13342725e-06+0.j,0.00000000e+00+0.j,0.00000000e+00+0.j,0.00000000e+00+0.j,0.00000000e+00+0.j
1.34000000e-01+0.j,3.42134328e+01+0.j,1.00000000e+00+0.j,4.88093741e-15+0.j,4.19957097e+17+0.j,-3.21881445e+08+0.j,3.14500247e-09+0.j,2.77376439e+03+0.j,7.97712425e-05+0.j,1.39149630e-03+0.j,4.82235973e-04+0.j,7.86802430e-03+0.j,2.37563581e-01+0.j,7.48555974e-03+0.j,1.00696427e-05+0.j,2.13342725e-06+0.j,0.00000000e+00+0.j,0.00000000e+00+0.j,0.00000000e+00+0.j,0.00000000e+00+0.j
1.35000000e-01+0.j,3.41112778e+01+0.j,1.00000000e+00+0.j,4.88093741e-15+0.j,4.19957097e+17+0.j,-3.21881445e+08+0.j,3.14500247e-09+0.j,2.77376439e+03+0.j,7.97712425e-05+0.j,1.39149630e-03+0.j,4.82235973e-04+0.j,7.86802430e-03+0.j,2.37563581e-01+0.j,7.48555974e-03+0.j,1.00696427e-05+0.j,2.13342725e-06+0.j,0.00000000e+00+0.j,0.00000000e+00+0.j,0.00000000e+00+0.j,0.00000000e+00+0.j
1.36000000e-01+0.j,3.43404901e+01+0.j,1.00000000e+00+0.j,4.88093741e-15+0.j,4.19957097e+17+0.j,-3.21881445e+08+0.j,3.14500247e-09+0.j,2.77376439e+03+0.j,7.97712425e-05+0.j,1.39149630e-03+0.j,4.82235973e-04+0.j,7.86802430e-03+0.j,2.37563581e-01+0.j,7.48555974e-03+0.j,1.00696427e-05+0.j,2.13342725e-06+0.j,0.00000000e+00+0.j,0.00000000e+00+0.j,0.00000000e+00+0.j,0.00000000e+00+0.j
1.37000000e-01+0.j,3.41650507e+01+0.j,1.00000000e+00+0.j,4.88093741e-15+0.j,4.19957097e+17+0.j,-3.21881445e+08+0.j,3.14500247e-09+0.j,2.77376439e+03+0.j,7.97712425e-05+0.j,1.39149630e-03+0.j,4.82235973e-04+0.j,7.86802430e-03+0.j,2.37563581e-01+0.j,7.48555974e-03+0.j,1.00696427e-05+0.j,2.13342725e-06+0.j,0.00000000e+00+0.j,0.00000000e+00+0.j,0.00000000e+00+0.j,0.00000000e+00+0.j
1.38000000e-01+0.j,3.40552735e+01+0.j,1.00000000e+00+0.j,4.88093741e-15+0.j,4.19957097e+17+0.j,-3.21881445e+08+0.j,3.14500247e-09+0.j,2.77376439e+03+0.j,7.97712425e-05+0.j,1.39149630e-03+0.j,4.82235973e-04+0.j,7.86802430e-03+0.j,2.37563581e-01+0.j,7.48555974e-03+0.j,1.00696427e-05+0.j,2.13342725e-06+0.j,0.00000000e+00+0.j,0.00000000e+00+0.j,0.00000000e+00+0.j,0.00000000e+00+0.j
1.39000000e-01+0.j,3.41366270e+01+0.j,1.00000000e+00+0.j,4.88093741e-15+0.j,4.19957097e+17+0.j,-3.21881445e+08+0.j,3.14500247e-09+0.j,2.77376439e+03+0.j,7.97712425e-05+0.j,1.39149630e-03+0.j,4.82235973e-04+0.j,7.86802430e-03+0.j,2.37563581e-01+0.j,7.48555974e-03+0.j,1.00696427e-05+0.j,2.13342725e-06+0.j,0.00000000e+00+0.j,0.00000000e+00+0.j,0.00000000e+00+0.j,0.00000000e+00+0.j
1.40000000e-01+0.j,3.43399568e+01+0.j,1.00000000e+00+0.j,4.88093741e-15+0.j,4.19957097e+17+0.j,-3.21881445e+08+0.j,3.14500247e-09+0.j,2.77376439e+03+0.j,7.97712425e-05+0.j,1.39149630e-03+0.j,4.82235973e-04+0.j,7.86802430e-03+0.j,2.37563581e-01+0.j,7.48555974e-03+0.j,1.00696427e-05+0.j,2.13342725e-06+0.j,0.00000000e+00+0.j,0.00000000e+00+0.j,0.00000000e+00+0.j,0.00000000e+00+0.j
1.41000000e-01+0.j,3.41817365e+01+0.j,1.00000000e+00+0.j,4.88093741e-15+0.j,4.19957097e+17+0.j,-3.21881445e+08+0.j,3.14500247e-09+0.j,2.77376439e+03+0.j,7.97712425e-05+0.j,1.39149630e-03+0.j,4.82235973e-04+0.j,7.86802430e-03+0.j,2.37563581e-01+0.j,7.48555974e-03+0.j,1.00696427e-05+0.j,2.13342725e-06+0.j,0.00000000e+00+0.j,0.00000000e+00+0.j,0.00000000e+00+0.j,0.00000000e+00+0.j
1.42000000e-01+0.j,3.41478426e+01+0.j,1.00000000e+00+0.j,4.88093741e-15+0.j,4.19957097e+17+0.j,-3.21881445e+08+0.j,3.14500247e-09+0.j,2.77376439e+03+0.j,7.97712425e-05+0.j,1.39149630e-03+0.j,4.82235973e-04+0.j,7.86802430e-03+0.j,2.37563581e-01+0.j,7.48555974e-03+0.j,1.00696427e-05+0.j,2.13342725e-06+0.j,0.00000000e+00+0.j,0.00000000e+00+0.j,0.00000000e+00+0.j,0.00000000e+00+0.j
1.43000000e-01+0.j,3.43589909e+01+0.j,1.00000000e+00+0.j,4.88093741e-15+0.j,4.19957097e+17+0.j,-3.21881445e+08+0.j,3.14500247e-09+0.j,2.77376439e+03+0.j,7.97712425e-05+0.j,1.39149630e-03+0.j,4.82235973e-04+0.j,7.86802430e-03+0.j,2.37563581e-01+0.j,7.48555974e-03+0.j,1.00696427e-05+0.j,2.13342725e-06+0.j,0.00000000e+00+0.j,0.00000000e+00+0.j,0.00000000e+00+0.j,0.00000000e+00+0.j
1.44000000e-01+0.j,3.43867459e+01+0.j,1.00000000e+00+0.j,4.88093741e-15+0.j,4.19957097e+17+0.j,-3.21881445e+08+0.j,3.14500247e-09+0.j,2.77376439e+03+0.j,7.97712425e-05+0.j,1.39149630e-03+0.j,4.82235973e-04+0.j,7.86802430e-03+0.j,2.37563581e-01+0.j,7.48555974e-03+0.j,1.00696427e-05+0.j,2.13342725e-06+0.j,0.00000000e+00+0.j,0.00000000e+00+0.j,0.00000000e+00+0.j,0.00000000e+00+0.j
1.45000000e-01+0.j,3.41724350e+01+0.j,1.00000000e+00+0.j,4.88093741e-15+0.j,4.19957097e+17+0.j,-3.21881445e+08+0.j,3.14500247e-09+0.j,2.77376439e+03+0.j,7.97712425e-05+0.j,1.39149630e-03+0.j,4.82235973e-04+0.j,7.86802430e-03+0.j,2.37563581e-01+0.j,7.48555974e-03+0.j,1.00696427e-05+0.j,2.13342725e-06+0.j,0.00000000e+00+0.j,0.00000000e+00+0.j,0.00000000e+00+0.j,0.00000000e+00+0.j
1.46000000e-01+0.j,3.41352668e+01+0.j,1.00000000e+00+0.j,4.88093741e-15+0.j,4.19957097e+17+0.j,-3.21881445e+08+0.j,3.14500247e-09+0.j,2.77376439e+03+0.j,7.97712425e-05+0.j,1.39149630e-03+0.j,4.82235973e-04+0.j,7.86802430e-03+0.j,2.37563581e-01+0.j,7.48555974e-03+0.j,1.00696427e-05+0.j,2.13342725e-06+0.j,0.00000000e+00+0.j,0.00000000e+00+0.j,0.00000000e+00+0.j,0.00000000e+00+0.j
1.47000000e-01+0.j,3.41011374e+01+0.j,1.00000000e+00+0.j,4.88093741e-15+0.j,4.19957097e+17+0.j,-3.21881445e+08+0.j,3.14500247e-09+0.j,2.77376439e+03+0.j,7.97712425e-05+0.j,1.39149630e-03+0.j,4.82235973e-04+0.j,7.86802430e-03+0.j,2.37563581e-01+0.j,7.48555974e-03+0.j,1.00696427e-05+0.j,2.13342725e-06+0.j,0.00000000e+00+0.j,0.00000000e+00+0.j,0.00000000e+00+0.j,0.00000000e+00+0.j
1.48000000e-01+0.j,3.42625597e+01+0.j,1.00000000e+00+0.j,4.88093741e-15+0.j,4.19957097e+17+0.j,-3.21881445e+08+0.j,3.14500247e-09+0.j,2.77376439e+03+0.j,7.97712425e-05+0.j,1.39149630e-03+0.j,4.82235973e-04+0.j,7.86802430e-03+0.j,2.37563581e-01+0.j,7.48555974e-03+0.j,1.00696427e-05+0.j,2.13342725e-06+0.j,0.00000000e+00+0.j,0.00000000e+00+0.j,0.00000000e+00+0.j,0.00000000e+00+0.j
1.49000000e-01+0.j,3.40630562e+01+0.j,1.00000000e+00+0.j,4.88093741e-15+0.j,4.19957097e+17+0.j,-3.21881445e+08+0.j,3.14500247e-09+0.j,2.77376439e+03+0.j,7.97712425e-05+0.j,1.39149630e-03+0.j,4.82235973e-04+0.j,7.86802430e-03+0.j,2.37563581e-01+0.j,7.48555974e-03+0.j,1.00696427e-05+0.j,2.13342725e-06+0.j,0.00000000e+00+0.j,0.00000000e+00+0.j,0.00000000e+00+0.j,0.00000000e+00+0.j
1.50000000e-01+0.j,3.42763979e+01+0.j,1.00000000e+00+0.j,4.88093741e-15+0.j,4.19957097e+17+0.j,-3.21881445e+08+0.j,3.14500247e-09+0.j,2.77376439e+03+0.j,7.97712425e-05+0.j,1.39149630e-03+0.j,4.82235973e-04+0.j,7.86802430e-03+0.j,2.37563581e-01+0.j,7.48555974e-03+0.j,1.00696427e-05+0.j,2.13342725e-06+0.j,0.00000000e+00+0.j,0.00000000e+00+0.j,0.00000000e+00+0.j,0.00000000e+00+0.j
1.51000000e-01+0.j,3.40919640e+01+0.j,1.00000000e+00+0.j,4.88093741e-15+0.j,4.19957097e+17+0.j,-3.21881445e+08+0.j,3.14500247e-09+0.j,2.77376439e+03+0.j,7.97712425e-05+0.j,1.39149630e-03+0.j,4.82235973e-04+0.j,7.86802430e-03+0.j,2.37563581e-01+0.j,7.48555974e-03+0.j,1.00696427e-05+0.j,2.13342725e-06+0.j,0.00000000e+00+0.j,0.00000000e+00+0.j,0.00000000e+00+0.j,0.00000000e+00+0.j
1.52000000e-01+0.j,3.42807367e+01+0.j,1.00000000e+00+0.j,4.88093741e-15+0.j,4.19957097e+17+0.j,-3.21881445e+08+0.j,3.14500247e-09+0.j,2.77376439e+03+0.j,7.97712425e-05+0.j,1.39149630e-03+0.j,4.82235973e-04+0.j,7.86802430e-03+0.j,2.37563581e-01+0.j,7.48555974e-03+0.j,1.00696427e-05+0.j,2.13342725e-06+0.j,0.00000000e+00+0.j,0.00000000e+00+0.j,0.00000000e+00+0.j,0.00000000e+00+0.j
1.53000000e-01+0.j,3.42444763e+01+0.j,1.00000000e+00+0.j,4.88093741e-15+0.j,4.19957097e+17+0.j,-3.21881445e+08+0.j,3.14500247e-09+0.j,2.77376439e+03+0.j,7.97712425e-05+0.j,1.39149630e-03+0.j,4.82235973e-04+0.j,7.86802430e-03+0.j,2.37563581e-01+0.j,7.48555974e-03+0.j,1.00696427e-05+0.j,2.13342725e-06+0.j,0.00000000e+00+0.j,0.00000000e+00+0.j,0.00000000e+00+0.j,0.00000000e+00+0.j
1.54000000e-01+0.j,3.42577031e+01+0.j,1.00000000e+00+0.j,4.88093741e-15+0.j,4.19957097e+17+0.j,-3.21881445e+08+0.j,3.14500247e-09+0.j,2.77376439e+03+0.j,7.97712425e-05+0.j,1.39149630e-03+0.j,4.82235973e-04+0.j,7.86802430e-03+0.j,2.37563581e-01+0.j,7.48555974e-03+0.j,1.00696427e-05+0.j,2.13342725e-06+0.j,0.00000000e+00+0.j,0.00000000e+00+0.j,0.00000000e+00+0.j,0.00000000e+00+0.j
1.55000000e-01+0.j,3.40080836e+01+0.j,1.00000000e+00+0.j,4.88093741e-15+0.j,4.19957097e+17+0.j,-3.21881445e+08+0.j,3.14500247e-09+0.j,2.77376439e+03+0.j,7.97712425e-05+0.j,1.39149630e-03+0.j,4.82235973e-04+0.j,7.86802430e-03+0.j,2.37563581e-01+0.j,7.48555974e-03+0.j,1.00696427e-05+0.j,2.13342725e-06+0.j,0.00000000e+00+0.j,0.00000000e+00+0.j,0.00000000e+00+0.j,0.00000000e+00+0.j